datetime,V12Z,V22Z,V51Z,V52Z,V111Z,V121Z,V122Z,Total
2024-03-01 01:00:00,0,1,6,6,3,1,0,17
2024-03-01 01:10:00,0,3,6,2,2,2,0,15
2024-03-01 01:20:00,5,3,3,5,0,2,0,18
2024-03-01 01:30:00,1,3,1,5,1,3,0,14
2024-03-01 01:40:00,2,1,2,1,1,2,0,9
2024-03-01 01:50:00,1,3,5,3,0,0,0,12
2024-03-01 02:00:00,1,0,3,5,0,0,0,9
2024-03-01 02:10:00,0,2,3,4,1,2,0,12
2024-03-01 02:20:00,0,3,1,6,1,1,0,12
2024-03-01 02:30:00,2,1,2,1,1,2,0,9
2024-03-01 02:40:00,1,2,6,2,1,2,0,14
2024-03-01 02:50:00,1,2,2,3,0,1,0,9
2024-03-01 03:00:00,3,3,3,4,1,4,0,18
2024-03-01 03:10:00,1,2,0,1,0,2,0,6
2024-03-01 03:20:00,4,5,4,2,0,2,0,17
2024-03-01 03:30:00,0,2,2,9,2,6,0,21
2024-03-01 03:40:00,0,2,4,4,1,1,0,12
2024-03-01 03:50:00,0,5,4,1,0,0,0,10
2024-03-01 04:00:00,3,7,3,1,0,0,0,14
2024-03-01 04:10:00,3,7,7,1,0,0,0,18
2024-03-01 04:20:00,1,7,9,2,1,1,0,21
2024-03-01 04:30:00,0,8,6,0,1,1,0,16
2024-03-01 04:40:00,3,21,12,7,1,2,0,46
2024-03-01 04:50:00,3,20,19,1,2,2,0,47
2024-03-01 05:00:00,1,23,25,1,2,5,0,57
2024-03-01 05:10:00,9,37,19,11,2,8,0,86
2024-03-01 05:20:00,5,43,29,11,3,3,0,94
2024-03-01 05:30:00,9,57,45,8,1,2,0,122
2024-03-01 05:40:00,4,48,47,4,1,1,0,105
2024-03-01 05:50:00,8,53,32,9,1,3,0,106
2024-03-01 06:00:00,6,35,40,9,7,6,0,103
2024-03-01 06:10:00,10,33,38,13,8,8,0,110
2024-03-01 06:20:00,8,33,33,26,5,11,0,116
2024-03-01 06:30:00,17,46,44,25,10,10,0,152
2024-03-01 06:40:00,16,39,38,21,8,12,0,134
2024-03-01 06:50:00,16,42,29,24,10,11,0,132
2024-03-01 07:00:00,19,37,33,23,5,15,1,133
2024-03-01 07:10:00,15,27,23,26,6,9,2,108
2024-03-01 07:20:00,13,43,12,28,15,20,2,133
2024-03-01 07:30:00,10,35,32,25,9,14,4,129
2024-03-01 07:40:00,25,31,20,23,12,19,2,132
2024-03-01 07:50:00,25,29,16,30,17,23,2,142
2024-03-01 08:00:00,22,33,30,23,13,32,0,153
2024-03-01 08:10:00,17,30,20,27,19,31,2,146
2024-03-01 08:20:00,25,31,37,29,14,26,1,163
2024-03-01 08:30:00,25,30,32,23,15,18,0,143
2024-03-01 08:40:00,34,33,25,22,13,22,4,153
2024-03-01 08:50:00,23,29,21,24,10,23,2,132
2024-03-01 09:00:00,32,33,25,17,13,18,1,139
2024-03-01 09:10:00,22,24,26,34,8,16,2,132
2024-03-01 09:20:00,21,27,20,33,14,18,3,136
2024-03-01 09:30:00,29,32,20,18,13,18,5,135
2024-03-01 09:40:00,32,30,11,31,13,24,0,141
2024-03-01 09:50:00,32,20,17,22,8,12,2,113
2024-03-01 10:00:00,31,23,20,29,19,27,0,149
2024-03-01 10:10:00,30,31,26,26,13,21,0,147
2024-03-01 10:20:00,31,28,26,30,15,20,1,151
2024-03-01 10:30:00,27,24,29,29,13,19,0,141
2024-03-01 10:40:00,45,16,7,25,17,17,1,128
2024-03-01 10:50:00,32,21,23,35,20,27,0,158
2024-03-01 11:00:00,25,23,21,37,16,23,1,146
2024-03-01 11:10:00,46,26,24,32,17,23,1,169
2024-03-01 11:20:00,26,19,22,43,14,23,0,147
2024-03-01 11:30:00,34,22,15,34,16,21,1,143
2024-03-01 11:40:00,37,34,23,31,17,21,1,164
2024-03-01 11:50:00,33,19,24,33,11,24,1,145
2024-03-01 12:00:00,18,24,27,47,20,21,1,158
2024-03-01 12:10:00,35,20,26,47,10,26,0,164
2024-03-01 12:20:00,30,26,18,32,22,30,1,159
2024-03-01 12:30:00,19,22,38,40,16,22,0,157
2024-03-01 12:40:00,17,33,20,39,16,28,1,154
2024-03-01 12:50:00,9,28,20,32,19,22,2,132
2024-03-01 13:00:00,7,33,22,30,16,23,2,133
2024-03-01 13:10:00,7,25,15,32,8,12,0,99
2024-03-01 13:20:00,7,19,21,31,15,29,2,124
2024-03-01 13:30:00,9,35,15,38,18,26,0,141
2024-03-01 13:40:00,9,17,28,40,17,28,1,140
2024-03-01 13:50:00,11,20,12,15,16,31,2,107
2024-03-01 14:00:00,16,21,18,38,10,20,1,124
2024-03-01 14:10:00,2,22,24,39,20,29,2,138
2024-03-01 14:20:00,7,22,18,50,14,22,3,136
2024-03-01 14:30:00,0,23,20,30,25,26,0,124
2024-03-01 14:40:00,8,29,18,55,15,21,0,146
2024-03-01 14:50:00,10,30,16,54,16,19,0,145
2024-03-01 15:00:00,14,24,24,44,13,22,2,143
2024-03-01 15:10:00,11,20,19,35,28,31,0,144
2024-03-01 15:20:00,20,24,20,28,7,20,1,120
2024-03-01 15:30:00,19,29,26,53,14,28,2,171
2024-03-01 15:40:00,7,21,16,48,14,25,2,133
2024-03-01 15:50:00,5,25,13,21,11,16,3,94
2024-03-01 16:00:00,2,17,19,18,13,21,1,91
2024-03-01 16:10:00,5,20,16,30,18,25,2,116
2024-03-01 16:20:00,3,30,19,40,13,23,1,129
2024-03-01 16:30:00,4,26,22,39,16,20,0,127
2024-03-01 16:40:00,7,31,20,38,16,25,2,139
2024-03-01 16:50:00,14,27,13,18,9,19,1,101
2024-03-01 17:00:00,14,30,23,31,19,34,0,151
2024-03-01 17:10:00,19,31,19,29,15,21,2,136
2024-03-01 17:20:00,11,17,19,36,9,18,1,111
2024-03-01 17:30:00,23,30,27,54,14,23,1,172
2024-03-01 17:40:00,14,17,21,45,16,23,2,138
2024-03-01 17:50:00,24,29,23,50,11,15,0,152
2024-03-01 18:00:00,11,24,17,43,15,23,0,133
2024-03-01 18:10:00,26,26,24,32,17,25,2,152
2024-03-01 18:20:00,19,28,26,28,16,22,1,140
2024-03-01 18:30:00,21,30,26,31,14,28,3,153
2024-03-01 18:40:00,18,22,33,35,14,22,1,145
2024-03-01 18:50:00,18,30,24,35,10,24,2,143
2024-03-01 19:00:00,18,35,34,26,16,19,0,148
2024-03-01 19:10:00,18,26,32,24,13,17,1,131
2024-03-01 19:20:00,21,30,25,35,19,26,1,157
2024-03-01 19:30:00,26,15,31,26,20,22,1,141
2024-03-01 19:40:00,19,26,35,21,17,23,1,142
2024-03-01 19:50:00,17,26,26,34,18,18,1,140
2024-03-01 20:00:00,13,24,22,25,8,14,0,106
2024-03-01 20:10:00,24,22,19,32,17,26,0,140
2024-03-01 20:20:00,21,22,26,31,11,19,0,130
2024-03-01 20:30:00,25,23,24,17,9,9,1,108
2024-03-01 20:40:00,20,24,21,22,5,9,1,102
2024-03-01 20:50:00,19,22,23,21,12,12,0,109
2024-03-01 21:00:00,16,27,23,22,5,8,0,101
2024-03-01 21:10:00,13,12,20,28,10,13,1,97
2024-03-01 21:20:00,8,17,23,32,16,23,0,119
2024-03-01 21:30:00,17,13,26,21,7,8,0,92
2024-03-01 21:40:00,19,9,19,25,9,13,0,94
2024-03-01 21:50:00,15,18,15,27,15,21,0,111
2024-03-01 22:00:00,13,18,24,26,5,6,0,92
2024-03-01 22:10:00,15,19,20,19,7,9,0,89
2024-03-01 22:20:00,19,22,21,25,8,15,0,110
2024-03-01 22:30:00,17,13,21,19,7,6,0,83
2024-03-01 22:40:00,12,16,21,20,12,16,0,97
2024-03-01 22:50:00,10,16,23,24,8,14,0,95
2024-03-01 23:00:00,10,10,18,18,2,3,0,61
2024-03-01 23:10:00,12,9,6,22,8,8,0,65
2024-03-01 23:20:00,8,9,13,23,8,10,0,71
2024-03-01 23:30:00,8,11,10,19,5,11,0,64
2024-03-01 23:40:00,8,7,16,18,6,8,0,63
2024-03-01 23:50:00,11,14,15,22,6,9,0,77
2024-03-02 00:00:00,5,8,12,9,3,5,0,42
2024-03-02 00:10:00,7,4,11,10,5,9,0,46
2024-03-02 00:20:00,10,11,5,18,8,10,0,62
2024-03-02 00:30:00,9,12,7,14,5,14,1,62
2024-03-02 00:40:00,4,10,6,11,2,2,0,35
2024-03-02 00:50:00,7,2,7,8,3,3,0,30
2024-03-02 01:00:00,5,8,7,13,1,1,0,35
2024-03-02 01:10:00,3,8,5,6,2,4,1,29
2024-03-02 01:20:00,2,7,6,12,1,3,0,31
2024-03-02 01:30:00,3,1,8,5,0,1,0,18
2024-03-02 01:40:00,2,2,3,5,4,5,0,21
2024-03-02 01:50:00,1,1,9,9,4,4,0,28
2024-03-02 02:00:00,5,1,4,6,1,4,0,21
2024-03-02 02:10:00,5,2,4,2,1,1,0,15
2024-03-02 02:20:00,4,2,3,10,2,4,0,25
2024-03-02 02:30:00,4,4,6,5,1,1,0,21
2024-03-02 02:40:00,2,1,4,8,5,3,0,23
2024-03-02 02:50:00,2,6,2,5,4,5,0,24
2024-03-02 03:00:00,2,4,7,7,1,4,0,25
2024-03-02 03:10:00,3,1,3,3,1,1,0,12
2024-03-02 03:20:00,1,1,5,5,1,2,0,15
2024-03-02 03:30:00,4,2,6,6,0,1,0,19
2024-03-02 03:40:00,3,7,3,8,1,7,0,29
2024-03-02 03:50:00,2,3,7,7,2,5,0,26
2024-03-02 04:00:00,3,10,5,3,2,1,0,24
2024-03-02 04:10:00,3,3,6,3,1,1,0,17
2024-03-02 04:20:00,2,7,6,7,0,3,0,25
2024-03-02 04:30:00,2,4,9,5,2,5,0,27
2024-03-02 04:40:00,2,10,10,0,0,0,0,22
2024-03-02 04:50:00,4,11,10,2,1,2,0,30
2024-03-02 05:00:00,0,11,9,1,0,0,0,21
2024-03-02 05:10:00,4,13,9,3,2,5,0,36
2024-03-02 05:20:00,6,11,16,11,3,5,0,52
2024-03-02 05:30:00,2,14,22,9,4,5,0,56
2024-03-02 05:40:00,6,20,20,7,4,3,0,60
2024-03-02 05:50:00,2,12,13,4,2,2,0,35
2024-03-02 06:00:00,4,12,15,5,1,1,0,38
2024-03-02 06:10:00,7,8,19,5,2,1,0,42
2024-03-02 06:20:00,0,12,18,7,3,5,0,45
2024-03-02 06:30:00,6,22,14,8,2,1,0,53
2024-03-02 06:40:00,6,20,22,11,5,8,0,72
2024-03-02 06:50:00,5,11,19,11,1,3,0,50
2024-03-02 07:00:00,13,13,12,10,0,1,0,49
2024-03-02 07:10:00,10,16,17,13,4,6,0,66
2024-03-02 07:20:00,17,21,15,8,2,4,0,67
2024-03-02 07:30:00,20,19,18,7,25,4,0,93
2024-03-02 07:40:00,22,22,23,11,7,7,0,92
2024-03-02 07:50:00,27,19,24,8,3,5,0,86
2024-03-02 08:00:00,12,15,21,14,4,9,0,75
2024-03-02 08:10:00,19,24,22,14,6,7,0,92
2024-03-02 08:20:00,21,20,25,12,7,7,0,92
2024-03-02 08:30:00,25,23,23,19,5,4,0,99
2024-03-02 08:40:00,30,28,31,14,10,13,0,126
2024-03-02 08:50:00,29,29,26,9,7,10,1,111
2024-03-02 09:00:00,22,25,30,11,9,10,0,107
2024-03-02 09:10:00,22,26,29,17,8,5,0,107
2024-03-02 09:20:00,37,30,28,20,12,16,1,144
2024-03-02 09:30:00,28,21,25,22,8,10,0,114
2024-03-02 09:40:00,38,28,23,14,15,17,2,137
2024-03-02 09:50:00,39,15,18,25,17,22,4,140
2024-03-02 10:00:00,38,27,30,17,7,9,0,128
2024-03-02 10:10:00,45,28,24,23,13,19,3,155
2024-03-02 10:20:00,40,19,11,16,13,14,1,114
2024-03-02 10:30:00,41,22,35,23,17,15,1,154
2024-03-02 10:40:00,36,22,38,23,9,15,0,143
2024-03-02 10:50:00,33,23,23,27,18,17,0,141
2024-03-02 11:00:00,35,23,26,23,34,22,0,163
2024-03-02 11:10:00,28,30,23,22,13,18,0,134
2024-03-02 11:20:00,36,23,25,33,12,20,1,150
2024-03-02 11:30:00,37,22,21,27,13,16,0,136
2024-03-02 11:40:00,43,23,33,31,11,13,0,154
2024-03-02 11:50:00,43,21,26,32,14,25,0,161
2024-03-02 12:00:00,36,32,31,32,13,14,1,159
2024-03-02 12:10:00,21,23,29,40,12,14,0,139
2024-03-02 12:20:00,37,33,29,27,14,29,0,169
2024-03-02 12:30:00,41,28,31,50,12,16,0,178
2024-03-02 12:40:00,42,22,22,40,20,22,1,169
2024-03-02 12:50:00,40,9,24,33,11,16,1,134
2024-03-02 13:00:00,45,19,21,39,15,17,0,156
2024-03-02 13:10:00,44,28,29,45,16,26,1,189
2024-03-02 13:20:00,44,16,23,34,16,21,0,154
2024-03-02 13:30:00,51,28,29,38,16,19,1,182
2024-03-02 13:40:00,55,31,23,38,19,24,0,190
2024-03-02 13:50:00,51,28,12,30,15,18,7,161
2024-03-02 14:00:00,46,17,18,24,12,23,1,141
2024-03-02 14:10:00,19,19,15,48,22,20,1,144
2024-03-02 14:20:00,24,32,4,41,17,27,1,146
2024-03-02 14:30:00,18,22,13,48,14,24,4,143
2024-03-02 14:40:00,38,23,20,41,14,19,0,155
2024-03-02 14:50:00,45,28,18,48,18,22,2,181
2024-03-02 15:00:00,45,26,11,40,11,20,2,155
2024-03-02 15:10:00,47,19,24,45,18,17,1,171
2024-03-02 15:20:00,40,15,22,33,9,19,0,138
2024-03-02 15:30:00,32,18,22,35,14,19,2,142
2024-03-02 15:40:00,39,26,18,31,14,23,0,151
2024-03-02 15:50:00,39,23,18,34,7,18,0,139
2024-03-02 16:00:00,37,35,29,32,13,14,1,161
2024-03-02 16:10:00,41,27,29,45,17,20,1,180
2024-03-02 16:20:00,30,24,28,36,12,18,1,149
2024-03-02 16:30:00,39,21,28,29,11,17,2,147
2024-03-02 16:40:00,45,20,22,29,19,27,2,164
2024-03-02 16:50:00,43,23,26,37,11,15,2,157
2024-03-02 17:00:00,35,20,27,41,10,17,1,151
2024-03-02 17:10:00,29,22,27,48,8,14,2,150
2024-03-02 17:20:00,38,20,28,43,15,17,2,163
2024-03-02 17:30:00,37,25,21,32,11,14,0,140
2024-03-02 17:40:00,36,21,23,26,7,8,0,121
2024-03-02 17:50:00,26,21,23,47,13,30,2,162
2024-03-02 18:00:00,20,20,17,21,14,19,1,112
2024-03-02 18:10:00,34,22,18,30,14,29,1,148
2024-03-02 18:20:00,20,20,31,34,16,19,0,140
2024-03-02 18:30:00,25,25,33,21,27,28,1,160
2024-03-02 18:40:00,23,29,30,32,16,23,1,154
2024-03-02 18:50:00,12,33,24,29,30,31,1,160
2024-03-02 19:00:00,25,26,33,31,13,17,0,145
2024-03-02 19:10:00,19,18,36,30,18,20,1,142
2024-03-02 19:20:00,27,23,32,30,10,11,0,133
2024-03-02 19:30:00,25,23,24,26,16,12,0,126
2024-03-02 19:40:00,26,24,40,25,14,14,0,143
2024-03-02 19:50:00,18,30,26,26,6,11,1,118
2024-03-02 20:00:00,22,20,26,19,10,9,0,106
2024-03-02 20:10:00,27,17,29,23,11,12,1,120
2024-03-02 20:20:00,29,21,25,31,12,15,0,133
2024-03-02 20:30:00,17,22,33,26,12,14,0,124
2024-03-02 20:40:00,24,20,20,22,11,17,1,115
2024-03-02 20:50:00,14,21,27,25,6,10,0,103
2024-03-02 21:00:00,19,15,29,20,7,7,0,97
2024-03-02 21:10:00,14,22,19,16,10,11,3,95
2024-03-02 21:20:00,22,24,19,22,11,9,1,108
2024-03-02 21:30:00,15,10,17,25,5,6,0,78
2024-03-02 21:40:00,21,16,17,22,8,12,1,97
2024-03-02 21:50:00,16,14,24,25,5,7,0,91
2024-03-02 22:00:00,18,17,25,20,3,8,0,91
2024-03-02 22:10:00,13,14,27,28,4,8,0,94
2024-03-02 22:20:00,21,11,23,25,10,11,0,101
2024-03-02 22:30:00,12,12,15,17,14,13,0,83
2024-03-02 22:40:00,16,15,21,25,3,5,0,85
2024-03-02 22:50:00,9,16,15,20,4,7,0,71
2024-03-02 23:00:00,15,14,15,26,9,10,0,89
2024-03-02 23:10:00,16,11,18,17,3,9,0,74
2024-03-02 23:20:00,7,13,25,17,6,12,1,81
2024-03-02 23:30:00,18,9,15,19,4,7,0,72
2024-03-02 23:40:00,4,8,13,22,4,8,0,59
2024-03-02 23:50:00,12,17,16,18,4,6,1,74
2024-03-03 00:00:00,19,7,16,23,3,8,1,77
2024-03-03 00:10:00,5,10,13,21,7,6,0,62
2024-03-03 00:20:00,5,10,8,9,2,4,0,38
2024-03-03 00:30:00,4,7,9,11,3,4,0,38
2024-03-03 00:40:00,7,10,10,17,1,7,0,52
2024-03-03 00:50:00,7,11,14,18,4,8,0,62
2024-03-03 01:00:00,6,8,12,19,1,5,0,51
2024-03-03 01:10:00,6,6,6,11,0,0,0,29
2024-03-03 01:20:00,9,4,11,11,1,3,0,39
2024-03-03 01:30:00,7,10,7,9,0,1,0,34
2024-03-03 01:40:00,4,5,11,12,4,5,0,41
2024-03-03 01:50:00,4,6,8,14,3,5,0,40
2024-03-03 02:00:00,1,4,6,9,5,3,0,28
2024-03-03 02:10:00,2,6,9,8,2,2,0,29
2024-03-03 02:20:00,4,8,5,11,2,3,0,33
2024-03-03 02:30:00,6,1,6,4,1,4,0,22
2024-03-03 02:40:00,5,3,4,8,0,0,0,20
2024-03-03 02:50:00,2,5,6,3,1,2,0,19
2024-03-03 03:00:00,1,1,2,4,2,2,0,12
2024-03-03 03:10:00,5,4,2,4,0,0,0,15
2024-03-03 03:20:00,2,2,4,3,0,1,0,12
2024-03-03 03:30:00,2,3,6,5,4,4,0,24
2024-03-03 03:40:00,3,0,2,3,0,1,0,9
2024-03-03 03:50:00,1,4,8,3,2,2,0,20
2024-03-03 04:00:00,3,2,3,3,2,1,0,14
2024-03-03 04:10:00,0,6,6,7,3,6,0,28
2024-03-03 04:20:00,5,2,5,5,2,2,0,21
2024-03-03 04:30:00,1,8,5,6,3,3,0,26
2024-03-03 04:40:00,3,9,6,3,1,1,0,23
2024-03-03 04:50:00,5,7,9,6,1,2,0,30
2024-03-03 05:00:00,1,12,8,5,1,1,0,28
2024-03-03 05:10:00,2,10,9,2,0,0,0,23
2024-03-03 05:20:00,3,8,14,6,5,6,0,42
2024-03-03 05:30:00,4,15,14,5,1,3,0,42
2024-03-03 05:40:00,2,5,14,2,2,2,0,27
2024-03-03 05:50:00,3,6,11,5,1,1,0,27
2024-03-03 06:00:00,2,9,9,8,5,2,0,35
2024-03-03 06:10:00,9,7,14,8,0,1,0,39
2024-03-03 06:20:00,6,3,10,4,1,1,0,25
2024-03-03 06:30:00,6,4,8,10,2,3,0,33
2024-03-03 06:40:00,5,5,5,7,3,3,0,28
2024-03-03 06:50:00,1,3,8,7,1,2,0,22
2024-03-03 07:00:00,8,5,9,6,1,1,0,30
2024-03-03 07:10:00,9,5,4,0,2,1,0,21
2024-03-03 07:20:00,14,2,7,9,6,6,0,44
2024-03-03 07:30:00,2,7,5,1,6,7,0,28
2024-03-03 07:40:00,11,5,8,4,4,4,0,36
2024-03-03 07:50:00,7,8,10,5,4,6,0,40
2024-03-03 08:00:00,7,6,15,5,3,4,0,40
2024-03-03 08:10:00,12,14,19,5,7,9,0,66
2024-03-03 08:20:00,18,13,11,8,10,9,1,70
2024-03-03 08:30:00,9,11,17,10,6,8,0,61
2024-03-03 08:40:00,16,13,16,7,8,12,0,72
2024-03-03 08:50:00,23,16,15,7,9,8,2,80
2024-03-03 09:00:00,23,18,21,3,5,6,1,77
2024-03-03 09:10:00,27,21,20,7,9,9,0,93
2024-03-03 09:20:00,22,29,16,7,12,14,0,100
2024-03-03 09:30:00,27,26,19,9,13,13,0,107
2024-03-03 09:40:00,28,18,21,13,16,18,3,117
2024-03-03 09:50:00,30,28,24,8,20,24,1,135
2024-03-03 10:00:00,29,18,25,18,15,18,1,124
2024-03-03 10:10:00,30,25,25,21,13,12,4,130
2024-03-03 10:20:00,26,23,25,10,11,13,1,109
2024-03-03 10:30:00,26,27,18,18,8,8,1,106
2024-03-03 10:40:00,31,15,34,18,18,17,0,133
2024-03-03 10:50:00,39,24,21,22,13,12,3,134
2024-03-03 11:00:00,44,24,28,24,18,23,1,162
2024-03-03 11:10:00,49,21,28,23,19,23,1,164
2024-03-03 11:20:00,46,29,29,28,14,21,1,168
2024-03-03 11:30:00,53,16,27,18,8,11,2,135
2024-03-03 11:40:00,43,26,27,24,15,23,2,160
2024-03-03 11:50:00,45,25,27,25,15,15,2,154
2024-03-03 12:00:00,47,19,24,21,11,14,0,136
2024-03-03 12:10:00,53,24,20,28,14,20,1,160
2024-03-03 12:20:00,35,31,23,24,17,24,1,155
2024-03-03 12:30:00,52,18,28,31,13,15,0,157
2024-03-03 12:40:00,42,23,26,35,17,23,1,167
2024-03-03 12:50:00,50,30,22,20,19,26,3,170
2024-03-03 13:00:00,53,28,23,28,19,17,1,169
2024-03-03 13:10:00,37,22,20,27,21,36,2,165
2024-03-03 13:20:00,65,36,31,42,22,29,0,225
2024-03-03 13:30:00,65,22,23,35,17,21,1,184
2024-03-03 13:40:00,53,20,23,35,15,22,2,170
2024-03-03 13:50:00,38,21,22,27,21,22,4,155
2024-03-03 14:00:00,36,30,30,35,25,27,1,184
2024-03-03 14:10:00,38,23,24,29,14,20,3,151
2024-03-03 14:20:00,37,29,24,31,16,22,2,161
2024-03-03 14:30:00,65,27,26,26,17,26,1,188
2024-03-03 14:40:00,43,35,22,37,18,21,6,182
2024-03-03 14:50:00,44,34,25,34,18,26,1,182
2024-03-03 15:00:00,53,33,26,44,14,21,2,193
2024-03-03 15:10:00,58,24,30,22,12,18,4,168
2024-03-03 15:20:00,37,29,36,30,10,15,6,163
2024-03-03 15:30:00,52,29,30,38,20,23,3,195
2024-03-03 15:40:00,49,34,28,26,13,18,3,171
2024-03-03 15:50:00,57,29,22,19,15,20,0,162
2024-03-03 16:00:00,45,20,24,22,13,13,2,139
2024-03-03 16:10:00,55,25,39,26,19,22,3,189
2024-03-03 16:20:00,50,17,22,32,18,25,1,165
2024-03-03 16:30:00,54,21,21,25,22,22,3,168
2024-03-03 16:40:00,57,27,26,41,13,24,3,191
2024-03-03 16:50:00,36,21,19,26,20,23,3,148
2024-03-03 17:00:00,52,36,19,29,15,21,0,172
2024-03-03 17:10:00,49,26,26,29,17,27,2,176
2024-03-03 17:20:00,47,24,25,19,15,10,3,143
2024-03-03 17:30:00,48,25,25,3,8,1,0,110
2024-03-03 17:40:00,35,24,24,16,18,11,2,130
2024-03-03 17:50:00,43,25,20,33,13,17,0,151
2024-03-03 18:00:00,45,24,15,37,15,14,1,151
2024-03-03 18:10:00,32,24,18,29,15,18,1,137
2024-03-03 18:20:00,29,19,23,22,13,12,2,120
2024-03-03 18:30:00,21,18,21,21,10,10,0,101
2024-03-03 18:40:00,22,32,32,38,15,24,2,165
2024-03-03 18:50:00,20,28,24,21,16,17,3,129
2024-03-03 19:00:00,32,33,18,20,13,11,2,129
2024-03-03 19:10:00,19,21,45,24,14,21,3,147
2024-03-03 19:20:00,17,24,25,25,17,15,1,124
2024-03-03 19:30:00,23,25,34,28,9,8,0,127
2024-03-03 19:40:00,23,26,34,20,16,19,0,138
2024-03-03 19:50:00,19,17,20,27,22,21,1,127
2024-03-03 20:00:00,12,16,25,21,11,11,0,96
2024-03-03 20:10:00,15,27,24,24,10,9,0,109
2024-03-03 20:20:00,14,18,26,20,13,13,0,104
2024-03-03 20:30:00,18,25,28,30,8,12,0,121
2024-03-03 20:40:00,13,24,20,16,7,7,2,89
2024-03-03 20:50:00,7,19,19,18,10,14,1,88
2024-03-03 21:00:00,21,19,22,16,11,9,0,98
2024-03-03 21:10:00,13,22,18,13,9,9,1,85
2024-03-03 21:20:00,10,13,15,17,7,9,0,71
2024-03-03 21:30:00,13,16,14,10,3,3,0,59
2024-03-03 21:40:00,12,20,20,14,8,10,0,84
2024-03-03 21:50:00,9,10,19,15,7,4,1,65
2024-03-03 22:00:00,11,9,22,28,5,10,0,85
2024-03-03 22:10:00,9,17,12,16,6,7,0,67
2024-03-03 22:20:00,7,9,15,16,4,6,0,57
2024-03-03 22:30:00,9,10,8,14,2,3,0,46
2024-03-03 22:40:00,10,8,8,10,3,6,0,45
2024-03-03 22:50:00,10,6,7,19,6,15,0,63
2024-03-03 23:00:00,3,6,7,8,1,4,0,29
2024-03-03 23:10:00,10,7,8,7,2,1,0,35
2024-03-03 23:20:00,8,6,5,11,2,2,0,34
2024-03-03 23:30:00,5,1,8,6,1,2,0,23
2024-03-03 23:40:00,5,4,2,10,0,4,0,25
2024-03-03 23:50:00,5,6,5,8,4,5,0,33
2024-03-04 00:00:00,3,5,8,5,1,2,0,24
2024-03-04 00:10:00,5,4,5,7,1,6,0,28
2024-03-04 00:20:00,3,5,5,5,1,3,0,22
2024-03-04 00:30:00,3,4,1,3,0,0,0,11
2024-03-04 00:40:00,6,2,5,3,0,0,0,16
2024-03-04 00:50:00,2,3,3,4,2,2,0,16
2024-03-04 01:00:00,0,2,3,2,0,0,0,7
2024-03-04 01:10:00,0,2,2,2,0,0,0,6
2024-03-04 01:20:00,4,3,4,3,1,5,0,20
2024-03-04 01:30:00,2,4,3,5,0,1,0,15
2024-03-04 01:40:00,0,3,10,3,3,2,0,21
2024-03-04 01:50:00,1,2,4,3,1,1,0,12
2024-03-04 02:00:00,2,0,2,3,0,0,0,7
2024-03-04 02:10:00,1,3,2,0,0,0,0,6
2024-03-04 02:20:00,0,4,3,2,0,0,0,9
2024-03-04 02:30:00,1,1,3,0,0,0,0,5
2024-03-04 02:40:00,1,1,4,2,0,0,0,8
2024-03-04 02:50:00,2,1,6,4,1,1,0,15
2024-03-04 03:00:00,3,1,2,2,0,1,0,9
2024-03-04 03:10:00,1,2,2,2,0,1,0,8
2024-03-04 03:20:00,2,3,7,1,1,1,0,15
2024-03-04 03:30:00,0,2,2,0,0,0,0,4
2024-03-04 03:40:00,1,2,2,2,0,1,0,8
2024-03-04 03:50:00,4,4,7,2,0,0,0,17
2024-03-04 04:00:00,2,2,5,5,2,5,0,21
2024-03-04 04:10:00,3,10,3,2,1,1,0,20
2024-03-04 04:20:00,2,8,7,5,4,7,0,33
2024-03-04 04:30:00,1,13,7,1,2,3,0,27
2024-03-04 04:40:00,3,19,16,4,2,2,0,46
2024-03-04 04:50:00,3,24,20,3,1,2,0,53
2024-03-04 05:00:00,10,28,23,4,1,2,0,68
2024-03-04 05:10:00,8,29,25,7,2,4,1,76
2024-03-04 05:20:00,10,42,34,7,3,3,0,99
2024-03-04 05:30:00,7,54,44,4,0,0,0,109
2024-03-04 05:40:00,5,64,39,11,2,4,0,125
2024-03-04 05:50:00,10,47,40,9,2,2,0,110
2024-03-04 06:00:00,5,40,38,14,6,9,0,112
2024-03-04 06:10:00,8,35,39,13,2,5,0,102
2024-03-04 06:20:00,12,28,29,16,7,9,2,103
2024-03-04 06:30:00,13,34,19,18,7,8,1,100
2024-03-04 06:40:00,20,31,22,20,7,13,1,114
2024-03-04 06:50:00,13,39,30,17,5,9,0,113
2024-03-04 07:00:00,19,40,21,24,3,11,0,118
2024-03-04 07:10:00,13,30,17,30,10,17,3,120
2024-03-04 07:20:00,28,30,13,27,8,16,2,124
2024-03-04 07:30:00,20,32,20,26,15,15,7,135
2024-03-04 07:40:00,15,35,26,28,11,24,1,140
2024-03-04 07:50:00,26,31,11,25,12,22,1,128
2024-03-04 08:00:00,30,25,25,20,11,13,1,125
2024-03-04 08:10:00,12,32,24,21,8,8,0,105
2024-03-04 08:20:00,15,34,20,29,14,19,3,134
2024-03-04 08:30:00,27,36,29,28,13,17,2,152
2024-03-04 08:40:00,24,34,24,27,14,24,5,152
2024-03-04 08:50:00,20,40,24,23,16,23,2,148
2024-03-04 09:00:00,28,32,13,27,17,25,1,143
2024-03-04 09:10:00,26,31,24,20,10,16,3,130
2024-03-04 09:20:00,26,36,29,25,20,32,1,169
2024-03-04 09:30:00,28,30,23,32,27,16,0,156
2024-03-04 09:40:00,36,23,22,19,19,25,1,145
2024-03-04 09:50:00,31,24,23,27,13,24,1,143
2024-03-04 10:00:00,54,19,20,31,58,21,1,204
2024-03-04 10:10:00,31,30,16,18,21,18,0,134
2024-03-04 10:20:00,30,22,18,30,20,22,1,143
2024-03-04 10:30:00,33,26,34,28,16,20,0,157
2024-03-04 10:40:00,37,24,17,33,13,18,1,143
2024-03-04 10:50:00,31,21,27,38,18,23,0,158
2024-03-04 11:00:00,31,22,18,27,12,17,0,127
2024-03-04 11:10:00,28,25,19,26,16,26,1,141
2024-03-04 11:20:00,27,27,22,34,17,26,0,153
2024-03-04 11:30:00,30,22,33,27,17,16,1,146
2024-03-04 11:40:00,29,35,21,26,16,24,0,151
2024-03-04 11:50:00,31,21,25,35,9,15,0,136
2024-03-04 12:00:00,26,26,26,28,18,22,1,147
2024-03-04 12:10:00,30,24,28,30,19,26,0,157
2024-03-04 12:20:00,24,25,26,39,13,19,0,146
2024-03-04 12:30:00,21,30,19,43,17,22,1,153
2024-03-04 12:40:00,41,26,22,41,19,25,2,176
2024-03-04 12:50:00,32,23,25,33,10,22,1,146
2024-03-04 13:00:00,32,23,25,36,15,22,1,154
2024-03-04 13:10:00,31,19,11,39,12,24,0,136
2024-03-04 13:20:00,29,27,24,35,13,19,0,147
2024-03-04 13:30:00,30,24,22,34,16,20,3,149
2024-03-04 13:40:00,26,17,21,31,17,21,0,133
2024-03-04 13:50:00,17,15,19,36,13,17,0,117
2024-03-04 14:00:00,21,29,22,41,14,25,0,152
2024-03-04 14:10:00,35,26,23,45,16,26,0,171
2024-03-04 14:20:00,4,24,24,37,17,30,1,137
2024-03-04 14:30:00,17,17,15,32,11,23,1,116
2024-03-04 14:40:00,12,23,15,45,13,15,0,123
2024-03-04 14:50:00,7,19,14,39,14,19,2,114
2024-03-04 15:00:00,10,29,27,54,16,22,0,158
2024-03-04 15:10:00,5,11,20,43,25,25,1,130
2024-03-04 15:20:00,5,22,21,46,22,28,0,144
2024-03-04 15:30:00,1,23,20,15,13,14,1,87
2024-03-04 15:40:00,1,21,26,24,19,27,3,121
2024-03-04 15:50:00,0,25,26,27,17,25,4,124
2024-03-04 16:00:00,6,26,19,11,15,19,1,97
2024-03-04 16:10:00,2,33,16,13,13,22,2,101
2024-03-04 16:20:00,5,27,27,20,11,17,0,107
2024-03-04 16:30:00,15,26,24,18,17,24,2,126
2024-03-04 16:40:00,5,21,26,33,17,23,1,126
2024-03-04 16:50:00,2,22,17,9,13,22,2,87
2024-03-04 17:00:00,0,20,24,28,21,31,1,125
2024-03-04 17:10:00,3,22,28,16,19,18,1,107
2024-03-04 17:20:00,3,17,26,39,16,29,1,131
2024-03-04 17:30:00,0,22,23,26,16,21,4,112
2024-03-04 17:40:00,1,33,23,42,20,23,1,143
2024-03-04 17:50:00,2,23,18,33,17,29,1,123
2024-03-04 18:00:00,4,22,20,33,22,22,1,124
2024-03-04 18:10:00,15,26,28,36,21,25,0,151
2024-03-04 18:20:00,2,31,32,22,10,21,3,121
2024-03-04 18:30:00,10,29,27,38,18,33,2,157
2024-03-04 18:40:00,17,23,22,27,13,32,0,134
2024-03-04 18:50:00,19,26,16,27,13,17,2,120
2024-03-04 19:00:00,26,22,27,25,12,25,3,140
2024-03-04 19:10:00,8,20,18,26,15,22,1,110
2024-03-04 19:20:00,19,22,29,32,16,16,0,134
2024-03-04 19:30:00,24,24,25,19,14,18,0,124
2024-03-04 19:40:00,19,22,21,28,6,13,3,112
2024-03-04 19:50:00,27,22,19,25,15,19,0,127
2024-03-04 20:00:00,23,17,15,21,9,15,0,100
2024-03-04 20:10:00,12,20,12,25,11,14,0,94
2024-03-04 20:20:00,23,15,22,23,10,19,0,112
2024-03-04 20:30:00,24,24,15,23,8,11,0,105
2024-03-04 20:40:00,14,23,14,21,13,16,0,101
2024-03-04 20:50:00,17,19,19,17,12,9,1,94
2024-03-04 21:00:00,20,24,18,16,5,5,2,90
2024-03-04 21:10:00,8,10,10,19,9,8,0,64
2024-03-04 21:20:00,14,18,14,16,16,16,1,95
2024-03-04 21:30:00,19,16,15,16,1,1,0,68
2024-03-04 21:40:00,12,13,7,11,4,3,0,50
2024-03-04 21:50:00,16,10,9,14,8,8,0,65
2024-03-04 22:00:00,15,14,12,14,6,6,0,67
2024-03-04 22:10:00,14,6,15,12,7,9,2,65
2024-03-04 22:20:00,23,15,11,22,11,18,0,100
2024-03-04 22:30:00,8,10,10,16,7,11,0,62
2024-03-04 22:40:00,9,6,4,9,4,8,0,40
2024-03-04 22:50:00,6,6,10,15,7,9,0,53
2024-03-04 23:00:00,6,6,8,13,7,7,1,48
2024-03-04 23:10:00,5,7,7,9,4,3,0,35
2024-03-04 23:20:00,7,5,4,12,7,9,0,44
2024-03-04 23:30:00,6,5,4,7,5,5,0,32
2024-03-04 23:40:00,5,2,2,4,0,0,0,13
2024-03-04 23:50:00,6,3,6,7,2,2,0,26
2024-03-05 00:00:00,3,4,6,8,6,4,0,31
2024-03-05 00:10:00,5,3,10,4,3,3,0,28
2024-03-05 00:20:00,4,2,6,2,5,3,0,22
2024-03-05 00:30:00,0,6,2,3,0,0,0,11
2024-03-05 00:40:00,4,2,2,1,1,0,0,10
2024-03-05 00:50:00,2,3,2,3,2,3,0,15
2024-03-05 01:00:00,2,1,0,3,2,4,0,12
2024-03-05 01:10:00,1,4,5,4,0,0,0,14
2024-03-05 01:20:00,0,1,5,3,0,0,0,9
2024-03-05 01:30:00,0,2,4,1,0,0,0,7
2024-03-05 01:40:00,2,2,3,3,2,2,0,14
2024-03-05 01:50:00,2,2,2,3,0,0,0,9
2024-03-05 02:00:00,1,1,4,1,1,1,0,9
2024-03-05 02:10:00,1,0,3,0,0,0,0,4
2024-03-05 02:20:00,0,2,4,1,0,0,0,7
2024-03-05 02:30:00,1,1,3,1,0,0,0,6
2024-03-05 02:40:00,0,0,5,3,2,2,0,12
2024-03-05 02:50:00,1,1,3,3,0,1,0,9
2024-03-05 03:00:00,1,1,3,2,2,2,0,11
2024-03-05 03:10:00,2,1,2,1,2,2,0,10
2024-03-05 03:20:00,2,2,2,2,1,1,0,10
2024-03-05 03:30:00,2,4,2,5,0,1,0,14
2024-03-05 03:40:00,1,3,4,2,0,0,0,10
2024-03-05 03:50:00,1,0,6,5,2,3,0,17
2024-03-05 04:00:00,3,2,3,1,0,0,0,9
2024-03-05 04:10:00,7,7,6,1,0,0,0,21
2024-03-05 04:20:00,3,9,8,1,0,0,0,21
2024-03-05 04:30:00,3,18,5,3,2,3,0,34
2024-03-05 04:40:00,2,14,16,4,1,1,0,38
2024-03-05 04:50:00,2,24,17,4,1,1,0,49
2024-03-05 05:00:00,8,35,15,5,4,5,0,72
2024-03-05 05:10:00,3,41,27,5,1,2,0,79
2024-03-05 05:20:00,10,42,31,11,5,5,0,104
2024-03-05 05:30:00,11,58,43,7,1,2,0,122
2024-03-05 05:40:00,6,43,51,4,0,1,0,105
2024-03-05 05:50:00,7,38,47,8,3,8,0,111
2024-03-05 06:00:00,7,40,36,5,3,5,0,96
2024-03-05 06:10:00,6,43,49,15,4,7,0,124
2024-03-05 06:20:00,19,38,50,15,5,7,3,137
2024-03-05 06:30:00,13,46,43,17,8,11,0,138
2024-03-05 06:40:00,20,39,27,28,6,13,1,134
2024-03-05 06:50:00,14,42,28,22,8,14,1,129
2024-03-05 07:00:00,18,34,14,27,10,16,0,119
2024-03-05 07:10:00,15,33,19,23,8,13,1,112
2024-03-05 07:20:00,16,32,16,20,6,17,9,116
2024-03-05 07:30:00,24,32,16,20,10,18,4,124
2024-03-05 07:40:00,28,21,18,13,8,15,5,108
2024-03-05 07:50:00,23,22,11,27,7,19,8,117
2024-03-05 08:00:00,21,23,21,19,12,17,2,115
2024-03-05 08:10:00,11,28,10,14,16,24,3,106
2024-03-05 08:20:00,23,23,10,27,12,12,2,109
2024-03-05 08:30:00,23,40,31,18,18,28,0,158
2024-03-05 08:40:00,23,33,20,21,13,22,2,134
2024-03-05 08:50:00,36,36,32,31,16,17,2,170
2024-03-05 09:00:00,23,34,42,20,20,25,0,164
2024-03-05 09:10:00,27,33,28,31,12,19,1,151
2024-03-05 09:20:00,21,38,20,23,16,22,1,141
2024-03-05 09:30:00,42,33,18,26,11,17,1,148
2024-03-05 09:40:00,37,27,15,31,17,23,0,150
2024-03-05 09:50:00,33,24,8,23,12,20,0,120
2024-03-05 10:00:00,39,25,22,24,11,22,0,143
2024-03-05 10:10:00,32,20,17,31,15,27,0,142
2024-03-05 10:20:00,38,26,12,29,14,23,0,142
2024-03-05 10:30:00,27,28,25,28,8,16,0,132
2024-03-05 10:40:00,42,28,27,26,14,20,1,158
2024-03-05 10:50:00,35,31,21,30,7,15,0,139
2024-03-05 11:00:00,49,27,25,35,18,25,0,179
2024-03-05 11:10:00,36,26,21,28,17,24,0,152
2024-03-05 11:20:00,31,18,26,38,12,24,0,149
2024-03-05 11:30:00,33,28,30,34,10,13,0,148
2024-03-05 11:40:00,41,16,19,39,18,24,1,158
2024-03-05 11:50:00,27,30,26,32,10,19,1,145
2024-03-05 12:00:00,32,30,21,25,14,27,1,150
2024-03-05 12:10:00,24,19,26,36,14,28,0,147
2024-03-05 12:20:00,37,59,25,37,18,20,0,196
2024-03-05 12:30:00,28,24,5,31,17,19,0,124
2024-03-05 12:40:00,34,23,21,33,16,19,1,147
2024-03-05 12:50:00,20,33,18,35,34,23,1,164
2024-03-05 13:00:00,25,26,30,43,12,15,1,152
2024-03-05 13:10:00,24,19,29,45,16,26,0,159
2024-03-05 13:20:00,42,18,19,33,14,16,0,142
2024-03-05 13:30:00,20,24,18,40,13,19,0,134
2024-03-05 13:40:00,13,18,21,21,15,25,0,113
2024-03-05 13:50:00,23,21,10,31,15,22,1,123
2024-03-05 14:00:00,15,29,17,39,16,20,0,136
2024-03-05 14:10:00,36,26,11,51,12,20,1,157
2024-03-05 14:20:00,19,32,28,16,13,16,0,124
2024-03-05 14:30:00,18,18,18,44,15,22,0,135
2024-03-05 14:40:00,33,26,17,45,9,23,0,153
2024-03-05 14:50:00,33,21,14,40,21,27,0,156
2024-03-05 15:00:00,11,24,20,59,13,21,0,148
2024-03-05 15:10:00,18,29,27,45,19,28,0,166
2024-03-05 15:20:00,9,22,24,12,12,29,0,108
2024-03-05 15:30:00,3,25,20,36,15,30,1,130
2024-03-05 15:40:00,2,25,20,13,18,23,1,102
2024-03-05 15:50:00,3,24,22,25,14,24,1,113
2024-03-05 16:00:00,0,16,25,30,16,31,2,120
2024-03-05 16:10:00,1,20,17,1,11,22,0,72
2024-03-05 16:20:00,0,25,20,11,12,15,1,84
2024-03-05 16:30:00,0,28,18,20,12,26,1,105
2024-03-05 16:40:00,0,30,20,25,10,16,2,103
2024-03-05 16:50:00,8,27,17,15,16,22,2,107
2024-03-05 17:00:00,9,22,11,2,12,18,0,74
2024-03-05 17:10:00,2,24,18,6,17,28,1,96
2024-03-05 17:20:00,5,22,18,6,15,18,2,86
2024-03-05 17:30:00,7,23,22,38,15,16,2,123
2024-03-05 17:40:00,6,23,23,31,8,14,0,105
2024-03-05 17:50:00,6,20,16,30,14,20,1,107
2024-03-05 18:00:00,6,25,26,26,10,18,0,111
2024-03-05 18:10:00,8,24,20,23,8,14,0,97
2024-03-05 18:20:00,16,21,25,28,15,24,1,130
2024-03-05 18:30:00,26,32,34,29,14,29,1,165
2024-03-05 18:40:00,15,22,36,31,10,16,2,132
2024-03-05 18:50:00,1,21,15,28,11,16,0,92
2024-03-05 19:00:00,21,22,26,24,16,25,0,134
2024-03-05 19:10:00,16,30,25,27,11,10,1,120
2024-03-05 19:20:00,18,27,19,31,15,15,1,126
2024-03-05 19:30:00,17,21,22,25,15,16,0,116
2024-03-05 19:40:00,18,18,31,30,15,12,1,125
2024-03-05 19:50:00,17,30,30,23,17,25,1,143
2024-03-05 20:00:00,21,24,15,27,15,23,0,125
2024-03-05 20:10:00,26,16,18,24,18,19,0,121
2024-03-05 20:20:00,17,26,21,22,12,17,0,115
2024-03-05 20:30:00,22,16,19,18,8,9,0,92
2024-03-05 20:40:00,26,30,17,15,4,8,0,100
2024-03-05 20:50:00,26,25,18,20,12,12,0,113
2024-03-05 21:00:00,19,24,23,17,7,8,0,98
2024-03-05 21:10:00,16,14,18,8,7,6,0,69
2024-03-05 21:20:00,26,17,21,25,14,14,0,117
2024-03-05 21:30:00,19,18,13,17,4,6,0,77
2024-03-05 21:40:00,10,9,13,21,8,11,0,72
2024-03-05 21:50:00,14,10,15,25,8,8,0,80
2024-03-05 22:00:00,22,11,16,21,8,9,0,87
2024-03-05 22:10:00,14,15,17,19,8,16,0,89
2024-03-05 22:20:00,12,11,9,20,12,13,1,78
2024-03-05 22:30:00,13,13,16,17,2,3,0,64
2024-03-05 22:40:00,10,9,10,13,3,3,0,48
2024-03-05 22:50:00,13,10,8,14,6,10,1,62
2024-03-05 23:00:00,10,9,9,12,6,4,0,50
2024-03-05 23:10:00,8,8,6,17,6,7,0,52
2024-03-05 23:20:00,5,10,6,11,3,7,0,42
2024-03-05 23:30:00,2,10,7,10,5,6,0,40
2024-03-05 23:40:00,3,4,4,5,2,2,0,20
2024-03-05 23:50:00,0,0,8,11,1,4,0,24
2024-03-06 00:00:00,3,2,10,8,1,3,0,27
2024-03-06 00:10:00,5,7,4,4,1,1,0,22
2024-03-06 00:20:00,5,3,2,3,4,4,0,21
2024-03-06 00:30:00,0,8,1,1,2,2,0,14
2024-03-06 00:40:00,4,4,5,2,0,0,0,15
2024-03-06 00:50:00,5,0,4,3,2,2,0,16
2024-03-06 01:00:00,2,2,1,5,1,5,0,16
2024-03-06 01:10:00,3,5,1,2,1,2,0,14
2024-03-06 01:20:00,0,4,5,1,0,0,0,10
2024-03-06 01:30:00,2,0,2,1,1,1,0,7
2024-03-06 01:40:00,0,0,2,2,2,2,0,8
2024-03-06 01:50:00,3,1,0,3,0,0,0,7
2024-03-06 02:00:00,0,2,5,0,0,0,0,7
2024-03-06 02:10:00,1,0,2,2,0,0,0,5
2024-03-06 02:20:00,0,3,3,2,0,1,0,9
2024-03-06 02:30:00,2,2,2,1,0,0,0,7
2024-03-06 02:40:00,1,5,5,1,0,0,0,12
2024-03-06 02:50:00,0,3,3,3,0,0,0,9
2024-03-06 03:00:00,1,2,6,3,0,1,0,13
2024-03-06 03:10:00,2,4,3,2,0,0,0,11
2024-03-06 03:20:00,3,3,1,2,0,0,0,9
2024-03-06 03:30:00,0,2,3,2,0,1,0,8
2024-03-06 03:40:00,3,5,1,4,0,1,0,14
2024-03-06 03:50:00,3,5,5,3,2,2,0,20
2024-03-06 04:00:00,3,3,7,2,1,1,0,17
2024-03-06 04:10:00,4,5,7,3,0,2,0,21
2024-03-06 04:20:00,1,8,10,2,1,1,0,23
2024-03-06 04:30:00,0,15,9,3,1,2,0,30
2024-03-06 04:40:00,2,21,16,6,1,2,0,48
2024-03-06 04:50:00,1,26,17,1,0,0,0,45
2024-03-06 05:00:00,8,26,17,6,5,5,0,67
2024-03-06 05:10:00,6,31,25,15,4,10,0,91
2024-03-06 05:20:00,7,42,26,5,2,2,0,84
2024-03-06 05:30:00,10,53,42,6,2,1,0,114
2024-03-06 05:40:00,6,55,44,7,1,4,0,117
2024-03-06 05:50:00,6,42,41,7,1,4,0,101
2024-03-06 06:00:00,10,32,40,9,4,3,0,98
2024-03-06 06:10:00,7,50,37,16,5,11,0,126
2024-03-06 06:20:00,16,41,38,21,12,12,0,140
2024-03-06 06:30:00,11,48,28,25,6,12,2,132
2024-03-06 06:40:00,15,40,25,17,10,10,0,117
2024-03-06 06:50:00,23,48,30,23,7,13,0,144
2024-03-06 07:00:00,37,35,19,21,12,18,0,142
2024-03-06 07:10:00,17,34,21,24,13,14,1,124
2024-03-06 07:20:00,16,35,29,23,4,8,6,121
2024-03-06 07:30:00,23,26,14,26,10,16,4,119
2024-03-06 07:40:00,27,27,20,22,12,15,4,127
2024-03-06 07:50:00,20,28,8,23,14,26,1,120
2024-03-06 08:00:00,10,37,23,21,11,19,1,122
2024-03-06 08:10:00,21,25,20,25,16,19,0,126
2024-03-06 08:20:00,32,33,20,22,17,22,8,154
2024-03-06 08:30:00,16,35,32,24,16,22,2,147
2024-03-06 08:40:00,22,33,29,30,12,18,2,146
2024-03-06 08:50:00,26,33,24,18,18,20,1,140
2024-03-06 09:00:00,24,36,25,19,19,23,0,146
2024-03-06 09:10:00,27,43,20,23,15,15,3,146
2024-03-06 09:20:00,22,37,34,38,15,18,0,164
2024-03-06 09:30:00,27,28,16,24,18,24,1,138
2024-03-06 09:40:00,47,28,10,30,12,15,3,145
2024-03-06 09:50:00,33,28,27,28,16,21,2,155
2024-03-06 10:00:00,30,21,9,27,16,22,0,125
2024-03-06 10:10:00,35,22,17,30,16,28,1,149
2024-03-06 10:20:00,29,22,18,37,21,21,0,148
2024-03-06 10:30:00,35,13,29,29,7,12,1,126
2024-03-06 10:40:00,53,24,13,23,23,22,0,158
2024-03-06 10:50:00,29,23,25,35,19,24,0,155
2024-03-06 11:00:00,35,28,28,30,22,27,0,170
2024-03-06 11:10:00,30,24,31,30,13,17,0,145
2024-03-06 11:20:00,41,24,23,30,17,20,0,155
2024-03-06 11:30:00,33,29,27,32,13,28,0,162
2024-03-06 11:40:00,28,28,34,43,10,13,1,157
2024-03-06 11:50:00,42,20,27,25,18,23,0,155
2024-03-06 12:00:00,39,14,26,38,19,20,0,156
2024-03-06 12:10:00,38,25,35,46,23,26,0,193
2024-03-06 12:20:00,33,20,16,36,17,21,1,144
2024-03-06 12:30:00,32,30,27,44,17,23,0,173
2024-03-06 12:40:00,29,20,22,33,20,22,0,146
2024-03-06 12:50:00,36,17,19,33,12,23,1,141
2024-03-06 13:00:00,23,14,28,29,15,17,1,127
2024-03-06 13:10:00,33,23,29,51,11,26,0,173
2024-03-06 13:20:00,22,24,25,36,18,27,0,152
2024-03-06 13:30:00,29,20,20,37,15,23,0,144
2024-03-06 13:40:00,26,29,26,36,15,24,1,157
2024-03-06 13:50:00,27,18,24,42,9,17,0,137
2024-03-06 14:00:00,10,23,16,37,12,19,0,117
2024-03-06 14:10:00,23,21,28,38,25,30,0,165
2024-03-06 14:20:00,25,21,19,50,22,29,1,167
2024-03-06 14:30:00,30,25,26,58,17,28,0,184
2024-03-06 14:40:00,31,30,20,37,16,18,0,152
2024-03-06 14:50:00,15,22,14,44,23,30,0,148
2024-03-06 15:00:00,6,25,22,47,16,19,1,136
2024-03-06 15:10:00,3,27,18,58,18,29,3,156
2024-03-06 15:20:00,9,20,21,42,23,27,3,145
2024-03-06 15:30:00,14,20,20,58,57,19,2,190
2024-03-06 15:40:00,6,24,24,20,12,23,1,110
2024-03-06 15:50:00,1,21,14,6,13,31,0,86
2024-03-06 16:00:00,8,17,20,5,16,23,0,89
2024-03-06 16:10:00,1,23,19,23,16,23,3,108
2024-03-06 16:20:00,0,23,16,25,17,28,1,110
2024-03-06 16:30:00,8,22,23,47,20,20,1,141
2024-03-06 16:40:00,10,36,18,36,13,27,1,141
2024-03-06 16:50:00,6,17,16,34,15,23,1,112
2024-03-06 17:00:00,3,25,18,51,22,25,2,146
2024-03-06 17:10:00,7,21,19,68,20,25,2,162
2024-03-06 17:20:00,9,27,25,55,19,22,2,159
2024-03-06 17:30:00,6,9,11,51,16,22,0,115
2024-03-06 17:40:00,7,29,24,44,12,20,2,138
2024-03-06 17:50:00,0,27,17,14,23,27,1,109
2024-03-06 18:00:00,10,29,17,33,23,28,1,141
2024-03-06 18:10:00,14,21,31,31,13,13,3,126
2024-03-06 18:20:00,1,22,17,41,23,32,0,136
2024-03-06 18:30:00,5,23,29,27,16,27,1,128
2024-03-06 18:40:00,6,21,19,37,19,22,2,126
2024-03-06 18:50:00,5,22,18,22,25,28,1,121
2024-03-06 19:00:00,8,18,27,30,16,23,2,124
2024-03-06 19:10:00,17,36,31,30,16,24,1,155
2024-03-06 19:20:00,12,22,26,29,14,21,2,126
2024-03-06 19:30:00,17,34,27,24,8,16,0,126
2024-03-06 19:40:00,22,22,23,18,19,18,0,122
2024-03-06 19:50:00,27,25,16,25,20,19,1,133
2024-03-06 20:00:00,21,24,25,33,5,11,0,119
2024-03-06 20:10:00,16,17,27,32,12,17,2,123
2024-03-06 20:20:00,19,23,20,22,11,14,0,109
2024-03-06 20:30:00,15,21,19,20,7,11,0,93
2024-03-06 20:40:00,25,21,18,26,11,11,1,113
2024-03-06 20:50:00,20,12,15,22,6,12,1,88
2024-03-06 21:00:00,15,22,16,17,10,8,1,89
2024-03-06 21:10:00,16,17,20,17,10,14,0,94
2024-03-06 21:20:00,14,18,12,22,14,16,0,96
2024-03-06 21:30:00,18,13,9,20,11,12,1,84
2024-03-06 21:40:00,14,20,15,13,7,10,0,79
2024-03-06 21:50:00,21,14,12,23,10,11,1,92
2024-03-06 22:00:00,18,18,12,15,3,5,0,71
2024-03-06 22:10:00,17,9,11,28,9,7,1,82
2024-03-06 22:20:00,17,15,14,19,6,10,1,82
2024-03-06 22:30:00,18,13,16,21,7,11,0,86
2024-03-06 22:40:00,13,12,12,13,6,9,0,65
2024-03-06 22:50:00,10,8,18,16,12,10,0,74
2024-03-06 23:00:00,9,9,9,9,8,9,0,53
2024-03-06 23:10:00,11,7,9,9,3,4,0,43
2024-03-06 23:20:00,8,10,10,15,2,8,0,53
2024-03-06 23:30:00,12,8,5,11,2,2,0,40
2024-03-06 23:40:00,7,6,7,8,1,3,0,32
2024-03-06 23:50:00,4,3,6,13,5,7,0,38
2024-03-07 00:00:00,6,3,6,3,1,1,0,20
2024-03-07 00:10:00,3,5,2,10,2,3,0,25
2024-03-07 00:20:00,2,5,5,8,5,6,0,31
2024-03-07 00:30:00,4,4,6,3,0,0,0,17
2024-03-07 00:40:00,2,4,1,3,2,1,0,13
2024-03-07 00:50:00,2,1,2,4,3,2,0,14
2024-03-07 01:00:00,0,0,2,0,0,0,0,2
2024-03-07 01:10:00,2,5,5,3,5,2,0,22
2024-03-07 01:20:00,3,1,4,3,1,1,0,13
2024-03-07 01:30:00,1,4,6,2,0,0,0,13
2024-03-07 01:40:00,1,3,1,1,2,2,0,10
2024-03-07 01:50:00,2,5,6,1,0,0,0,14
2024-03-07 02:00:00,1,1,2,2,1,1,0,8
2024-03-07 02:10:00,2,0,5,1,0,0,0,8
2024-03-07 02:20:00,0,2,1,1,0,2,0,6
2024-03-07 02:30:00,1,2,3,2,1,2,0,11
2024-03-07 02:40:00,2,1,3,1,0,0,0,7
2024-03-07 02:50:00,0,2,4,2,0,0,0,8
2024-03-07 03:00:00,2,0,3,2,1,1,0,9
2024-03-07 03:10:00,2,0,6,2,3,4,0,17
2024-03-07 03:20:00,0,1,3,4,1,2,0,11
2024-03-07 03:30:00,3,1,4,1,0,2,0,11
2024-03-07 03:40:00,1,4,2,3,0,0,0,10
2024-03-07 03:50:00,2,2,3,3,2,2,0,14
2024-03-07 04:00:00,2,4,5,6,1,5,0,23
2024-03-07 04:10:00,13,8,6,2,2,5,0,36
2024-03-07 04:20:00,2,8,8,0,0,0,0,18
2024-03-07 04:30:00,2,11,7,1,1,2,0,24
2024-03-07 04:40:00,3,17,10,3,2,3,0,38
2024-03-07 04:50:00,2,26,10,4,1,3,0,46
2024-03-07 05:00:00,4,27,18,4,4,4,0,61
2024-03-07 05:10:00,9,41,23,8,2,8,0,91
2024-03-07 05:20:00,6,41,34,3,4,3,0,91
2024-03-07 05:30:00,10,46,45,10,3,5,0,119
2024-03-07 05:40:00,4,40,36,5,1,3,0,89
2024-03-07 05:50:00,7,40,44,8,2,3,0,104
2024-03-07 06:00:00,9,51,30,15,3,6,0,114
2024-03-07 06:10:00,8,40,41,11,7,10,0,117
2024-03-07 06:20:00,12,46,32,16,3,8,0,117
2024-03-07 06:30:00,12,44,37,21,4,13,1,132
2024-03-07 06:40:00,11,31,28,19,10,14,0,113
2024-03-07 06:50:00,44,29,18,25,9,20,1,146
2024-03-07 07:00:00,20,44,16,27,10,20,0,137
2024-03-07 07:10:00,19,40,26,25,5,11,1,127
2024-03-07 07:20:00,33,35,20,25,8,12,2,135
2024-03-07 07:30:00,18,36,25,20,13,15,4,131
2024-03-07 07:40:00,28,25,35,26,12,14,3,143
2024-03-07 07:50:00,21,31,22,25,18,24,0,141
2024-03-07 08:00:00,16,30,23,25,15,17,2,128
2024-03-07 08:10:00,24,32,18,30,18,23,3,148
2024-03-07 08:20:00,14,27,24,24,5,19,0,113
2024-03-07 08:30:00,21,48,24,19,14,19,1,146
2024-03-07 08:40:00,19,27,22,20,19,32,1,140
2024-03-07 08:50:00,22,41,26,24,20,28,3,164
2024-03-07 09:00:00,29,34,23,28,19,26,0,159
2024-03-07 09:10:00,22,41,41,27,10,18,0,159
2024-03-07 09:20:00,28,29,24,33,18,31,1,164
2024-03-07 09:30:00,36,26,30,20,8,17,0,137
2024-03-07 09:40:00,38,19,6,32,16,25,1,137
2024-03-07 09:50:00,37,31,16,32,13,17,1,147
2024-03-07 10:00:00,29,27,21,23,18,26,0,144
2024-03-07 10:10:00,30,34,31,30,17,19,0,161
2024-03-07 10:20:00,31,26,27,35,18,16,0,153
2024-03-07 10:30:00,41,25,17,29,12,15,0,139
2024-03-07 10:40:00,34,17,13,33,18,21,1,137
2024-03-07 10:50:00,34,27,22,34,19,24,1,161
2024-03-07 11:00:00,40,24,25,35,24,25,1,174
2024-03-07 11:10:00,43,21,20,34,10,20,0,148
2024-03-07 11:20:00,36,25,18,28,21,25,0,153
2024-03-07 11:30:00,35,27,18,28,17,17,0,142
2024-03-07 11:40:00,43,32,32,40,12,17,0,176
2024-03-07 11:50:00,34,23,26,26,10,21,0,140
2024-03-07 12:00:00,31,26,30,37,12,25,1,162
2024-03-07 12:10:00,39,30,12,37,12,17,1,148
2024-03-07 12:20:00,39,38,30,26,17,21,0,171
2024-03-07 12:30:00,39,29,28,38,24,18,0,176
2024-03-07 12:40:00,52,33,29,44,16,23,0,197
2024-03-07 12:50:00,30,32,47,36,22,23,0,190
2024-03-07 13:00:00,45,22,17,29,14,18,0,145
2024-03-07 13:10:00,37,20,29,41,19,23,2,171
2024-03-07 13:20:00,28,29,13,41,19,28,3,161
2024-03-07 13:30:00,18,23,27,40,20,21,3,152
2024-03-07 13:40:00,40,38,16,31,18,23,1,167
2024-03-07 13:50:00,25,28,15,31,14,21,1,135
2024-03-07 14:00:00,59,21,14,34,23,25,0,176
2024-03-07 14:10:00,39,18,16,36,17,25,0,151
2024-03-07 14:20:00,40,22,23,36,16,30,0,167
2024-03-07 14:30:00,61,20,30,36,17,24,1,189
2024-03-07 14:40:00,38,23,14,34,13,25,0,147
2024-03-07 14:50:00,37,26,18,10,10,17,0,118
2024-03-07 15:00:00,40,22,37,30,12,20,3,164
2024-03-07 15:10:00,22,22,23,20,14,14,1,116
2024-03-07 15:20:00,14,23,26,0,16,19,1,99
2024-03-07 15:30:00,14,24,21,0,13,21,1,94
2024-03-07 15:40:00,21,28,18,17,9,15,1,109
2024-03-07 15:50:00,9,16,15,0,10,16,1,67
2024-03-07 16:00:00,10,26,32,0,14,20,1,103
2024-03-07 16:10:00,10,23,29,0,10,13,0,85
2024-03-07 16:20:00,10,34,14,0,14,24,2,98
2024-03-07 16:30:00,5,24,13,8,20,33,0,103
2024-03-07 16:40:00,17,22,20,14,9,32,1,115
2024-03-07 16:50:00,12,28,21,34,15,31,0,141
2024-03-07 17:00:00,11,27,18,41,19,28,2,146
2024-03-07 17:10:00,12,28,17,34,18,27,0,136
2024-03-07 17:20:00,25,20,13,48,15,27,5,153
2024-03-07 17:30:00,18,28,25,47,15,21,1,155
2024-03-07 17:40:00,10,31,20,37,12,27,0,137
2024-03-07 17:50:00,6,29,26,40,22,31,0,154
2024-03-07 18:00:00,17,21,21,22,19,24,0,124
2024-03-07 18:10:00,20,16,16,29,14,20,1,116
2024-03-07 18:20:00,12,26,22,28,18,19,0,125
2024-03-07 18:30:00,16,13,15,20,23,27,0,114
2024-03-07 18:40:00,23,28,28,46,21,30,1,177
2024-03-07 18:50:00,17,20,39,47,21,25,1,170
2024-03-07 19:00:00,17,20,18,26,14,21,0,116
2024-03-07 19:10:00,23,29,25,25,20,31,1,154
2024-03-07 19:20:00,19,29,28,37,16,20,1,150
2024-03-07 19:30:00,25,19,27,28,16,24,0,139
2024-03-07 19:40:00,29,16,22,31,12,21,0,131
2024-03-07 19:50:00,19,32,25,19,5,9,0,109
2024-03-07 20:00:00,17,18,21,32,7,16,1,112
2024-03-07 20:10:00,26,18,20,23,16,18,1,122
2024-03-07 20:20:00,24,18,23,28,9,17,2,121
2024-03-07 20:30:00,17,21,16,26,13,17,0,110
2024-03-07 20:40:00,20,17,17,25,8,12,1,100
2024-03-07 20:50:00,23,19,19,27,13,22,1,124
2024-03-07 21:00:00,20,27,18,27,9,12,0,113
2024-03-07 21:10:00,25,20,10,25,13,24,0,117
2024-03-07 21:20:00,16,17,16,23,8,7,0,87
2024-03-07 21:30:00,18,18,7,14,5,5,0,67
2024-03-07 21:40:00,16,14,12,22,8,11,0,83
2024-03-07 21:50:00,19,17,9,21,8,12,0,86
2024-03-07 22:00:00,18,13,17,22,13,16,0,99
2024-03-07 22:10:00,21,16,13,19,5,6,0,80
2024-03-07 22:20:00,20,18,16,24,14,13,0,105
2024-03-07 22:30:00,13,15,16,14,12,13,0,83
2024-03-07 22:40:00,15,12,14,13,4,7,0,65
2024-03-07 22:50:00,13,11,12,16,5,9,0,66
2024-03-07 23:00:00,7,17,14,11,6,7,0,62
2024-03-07 23:10:00,6,14,9,9,4,8,0,50
2024-03-07 23:20:00,10,12,13,7,6,6,0,54
2024-03-07 23:30:00,4,9,10,8,3,2,0,36
2024-03-07 23:40:00,7,5,3,5,1,1,0,22
2024-03-07 23:50:00,3,6,8,9,2,2,0,30
2024-03-08 00:00:00,3,4,2,9,3,3,0,24
2024-03-08 00:10:00,5,7,8,7,5,4,0,36
2024-03-08 00:20:00,8,6,4,7,7,8,0,40
2024-03-08 00:30:00,5,4,4,2,1,2,0,18
2024-03-08 00:40:00,3,3,0,2,1,1,0,10
2024-03-08 00:50:00,4,0,0,6,2,3,0,15
2024-03-08 01:00:00,0,1,1,3,0,0,0,5
2024-03-08 01:10:00,1,3,3,2,1,1,0,11
2024-03-08 01:20:00,5,1,4,2,0,1,0,13
2024-03-08 01:30:00,5,1,0,4,0,3,0,13
2024-03-08 01:40:00,2,5,3,0,0,0,0,10
2024-03-08 01:50:00,1,3,1,0,1,1,0,7
2024-03-08 02:00:00,3,0,5,1,1,1,0,11
2024-03-08 02:10:00,0,1,6,2,0,1,0,10
2024-03-08 02:20:00,3,3,6,0,0,0,0,12
2024-03-08 02:30:00,0,3,0,0,0,0,0,3
2024-03-08 02:40:00,1,1,5,1,1,1,0,10
2024-03-08 02:50:00,1,1,4,3,0,0,0,9
2024-03-08 03:00:00,1,2,4,2,0,0,0,9
2024-03-08 03:10:00,0,1,4,1,0,1,0,7
2024-03-08 03:20:00,2,4,0,4,2,1,0,13
2024-03-08 03:30:00,4,4,2,0,0,0,0,10
2024-03-08 03:40:00,0,4,5,2,0,2,0,13
2024-03-08 03:50:00,3,3,3,2,1,1,0,13
2024-03-08 04:00:00,5,2,5,2,1,1,0,16
2024-03-08 04:10:00,4,12,5,4,2,4,0,31
2024-03-08 04:20:00,2,14,6,1,0,0,0,23
2024-03-08 04:30:00,1,15,6,1,1,2,0,26
2024-03-08 04:40:00,1,16,13,5,3,4,0,42
2024-03-08 04:50:00,3,23,12,4,1,1,0,44
2024-03-08 05:00:00,5,24,16,5,2,6,0,58
2024-03-08 05:10:00,6,34,23,10,6,5,0,84
2024-03-08 05:20:00,6,36,28,6,4,5,0,85
2024-03-08 05:30:00,7,60,35,5,1,4,0,112
2024-03-08 05:40:00,8,49,53,5,1,2,0,118
2024-03-08 05:50:00,6,51,35,9,0,1,0,102
2024-03-08 06:00:00,7,38,33,12,3,7,0,100
2024-03-08 06:10:00,10,38,45,21,10,12,0,136
2024-03-08 06:20:00,13,38,39,13,3,3,0,109
2024-03-08 06:30:00,8,37,29,28,9,17,1,129
2024-03-08 06:40:00,17,27,27,16,3,6,1,97
2024-03-08 06:50:00,26,40,25,21,6,14,0,132
2024-03-08 07:00:00,28,34,29,21,7,12,1,132
2024-03-08 07:10:00,29,43,27,25,6,12,1,143
2024-03-08 07:20:00,15,38,38,29,7,16,2,145
2024-03-08 07:30:00,16,32,21,24,9,14,9,125
2024-03-08 07:40:00,18,28,17,18,17,22,6,126
2024-03-08 07:50:00,23,26,26,25,17,27,6,150
2024-03-08 08:00:00,12,38,31,24,7,9,1,122
2024-03-08 08:10:00,19,30,21,24,11,27,0,132
2024-03-08 08:20:00,31,42,18,33,14,20,2,160
2024-03-08 08:30:00,26,40,28,24,21,17,0,156
2024-03-08 08:40:00,27,35,37,26,17,24,1,167
2024-03-08 08:50:00,28,23,42,24,10,18,3,148
2024-03-08 09:00:00,26,32,30,36,9,21,0,154
2024-03-08 09:10:00,33,32,29,23,20,26,1,164
2024-03-08 09:20:00,24,27,29,29,9,14,3,135
2024-03-08 09:30:00,38,31,37,23,20,24,0,173
2024-03-08 09:40:00,31,21,14,29,13,19,0,127
2024-03-08 09:50:00,31,18,14,24,17,18,0,122
2024-03-08 10:00:00,27,22,22,30,11,21,0,133
2024-03-08 10:10:00,32,23,22,28,15,17,0,137
2024-03-08 10:20:00,36,15,20,29,19,23,0,142
2024-03-08 10:30:00,34,21,23,26,12,17,0,133
2024-03-08 10:40:00,28,30,4,32,19,28,0,141
2024-03-08 10:50:00,44,29,8,32,16,26,1,156
2024-03-08 11:00:00,54,26,32,43,18,17,1,191
2024-03-08 11:10:00,38,35,27,42,7,23,0,172
2024-03-08 11:20:00,45,28,27,40,18,27,0,185
2024-03-08 11:30:00,46,32,25,24,15,15,0,157
2024-03-08 11:40:00,46,31,45,43,16,22,1,204
2024-03-08 11:50:00,47,30,25,39,18,21,0,180
2024-03-08 12:00:00,16,29,16,25,21,18,1,126
2024-03-08 12:10:00,39,23,19,56,8,24,0,169
2024-03-08 12:20:00,45,25,18,27,17,18,2,152
2024-03-08 12:30:00,31,41,26,31,14,24,2,169
2024-03-08 12:40:00,19,22,25,37,20,21,1,145
2024-03-08 12:50:00,17,29,26,35,21,21,3,152
2024-03-08 13:00:00,25,29,24,40,11,25,2,156
2024-03-08 13:10:00,29,29,19,62,8,28,1,176
2024-03-08 13:20:00,18,25,28,34,16,20,0,141
2024-03-08 13:30:00,34,32,19,36,18,31,1,171
2024-03-08 13:40:00,33,24,25,47,19,28,1,177
2024-03-08 13:50:00,39,38,22,45,18,24,2,188
2024-03-08 14:00:00,43,27,25,38,12,20,0,165
2024-03-08 14:10:00,42,25,26,63,14,20,0,190
2024-03-08 14:20:00,47,29,31,39,14,19,1,180
2024-03-08 14:30:00,49,34,33,21,20,24,0,181
2024-03-08 14:40:00,41,43,23,51,15,25,2,200
2024-03-08 14:50:00,36,27,32,45,15,21,1,177
2024-03-08 15:00:00,49,31,26,37,15,29,1,188
2024-03-08 15:10:00,40,21,25,46,15,25,2,174
2024-03-08 15:20:00,31,35,26,48,10,22,2,174
2024-03-08 15:30:00,52,22,23,23,16,13,1,150
2024-03-08 15:40:00,60,33,28,25,14,26,0,186
2024-03-08 15:50:00,27,21,25,44,14,34,2,167
2024-03-08 16:00:00,38,30,22,28,8,18,1,145
2024-03-08 16:10:00,33,26,27,43,15,24,3,171
2024-03-08 16:20:00,45,17,20,37,8,26,3,156
2024-03-08 16:30:00,50,21,25,43,17,32,1,189
2024-03-08 16:40:00,47,35,22,33,20,28,1,186
2024-03-08 16:50:00,44,23,28,19,21,33,2,170
2024-03-08 17:00:00,25,22,17,23,20,36,0,143
2024-03-08 17:10:00,39,43,18,20,13,34,1,168
2024-03-08 17:20:00,52,22,18,41,23,20,0,176
2024-03-08 17:30:00,27,19,19,35,17,7,1,125
2024-03-08 17:40:00,13,26,14,13,16,18,2,102
2024-03-08 17:50:00,24,23,14,33,12,31,0,137
2024-03-08 18:00:00,8,16,14,41,13,23,1,116
2024-03-08 18:10:00,10,27,20,39,15,22,3,136
2024-03-08 18:20:00,23,28,14,31,10,18,1,125
2024-03-08 18:30:00,13,27,24,37,18,26,1,146
2024-03-08 18:40:00,30,33,19,39,12,21,1,155
2024-03-08 18:50:00,10,17,28,35,16,19,2,127
2024-03-08 19:00:00,21,31,27,27,15,20,0,141
2024-03-08 19:10:00,18,30,30,26,12,18,2,136
2024-03-08 19:20:00,25,21,36,31,19,26,2,160
2024-03-08 19:30:00,15,28,39,25,10,13,0,130
2024-03-08 19:40:00,22,38,33,30,11,15,0,149
2024-03-08 19:50:00,25,25,26,24,20,22,0,142
2024-03-08 20:00:00,14,23,26,23,17,18,0,121
2024-03-08 20:10:00,20,14,25,26,24,20,0,129
2024-03-08 20:20:00,19,22,44,31,13,18,0,147
2024-03-08 20:30:00,23,30,28,28,8,10,0,127
2024-03-08 20:40:00,19,18,18,19,3,4,0,81
2024-03-08 20:50:00,31,13,21,20,13,17,1,116
2024-03-08 21:00:00,33,23,28,23,6,8,1,122
2024-03-08 21:10:00,14,18,24,19,7,10,0,92
2024-03-08 21:20:00,22,11,27,28,17,14,0,119
2024-03-08 21:30:00,21,17,19,28,10,13,0,108
2024-03-08 21:40:00,17,26,15,19,6,7,0,90
2024-03-08 21:50:00,18,19,20,23,10,16,0,106
2024-03-08 22:00:00,20,14,23,23,10,16,1,107
2024-03-08 22:10:00,14,20,25,24,9,17,1,110
2024-03-08 22:20:00,16,14,17,25,7,8,0,87
2024-03-08 22:30:00,15,23,23,26,12,16,1,116
2024-03-08 22:40:00,14,16,19,23,4,5,0,81
2024-03-08 22:50:00,11,16,23,20,7,11,0,88
2024-03-08 23:00:00,10,18,32,20,14,16,1,111
2024-03-08 23:10:00,9,14,11,22,7,5,1,69
2024-03-08 23:20:00,8,11,17,18,12,12,0,78
2024-03-08 23:30:00,11,11,15,20,4,5,0,66
2024-03-08 23:40:00,7,11,15,12,3,3,0,51
2024-03-08 23:50:00,17,8,8,22,6,6,0,67
2024-03-09 00:00:00,3,12,20,11,7,6,0,59
2024-03-09 00:10:00,9,6,8,9,5,3,0,40
2024-03-09 00:20:00,11,9,10,19,3,6,0,58
2024-03-09 00:30:00,9,13,14,13,1,1,2,53
2024-03-09 00:40:00,3,8,8,17,4,5,0,45
2024-03-09 00:50:00,2,5,9,14,5,4,0,39
2024-03-09 01:00:00,10,5,6,9,2,4,0,36
2024-03-09 01:10:00,2,6,11,7,0,1,0,27
2024-03-09 01:20:00,3,7,6,11,7,6,0,40
2024-03-09 01:30:00,0,4,9,13,5,6,0,37
2024-03-09 01:40:00,2,3,7,11,1,5,1,30
2024-03-09 01:50:00,6,4,11,11,4,5,0,41
2024-03-09 02:00:00,4,4,10,6,2,3,0,29
2024-03-09 02:10:00,3,3,3,5,1,3,0,18
2024-03-09 02:20:00,2,1,4,10,1,3,0,21
2024-03-09 02:30:00,2,2,4,4,0,4,0,16
2024-03-09 02:40:00,2,3,3,4,0,0,0,12
2024-03-09 02:50:00,2,0,2,8,3,7,0,22
2024-03-09 03:00:00,1,1,5,7,0,2,0,16
2024-03-09 03:10:00,2,4,2,4,0,1,0,13
2024-03-09 03:20:00,1,2,9,6,1,3,0,22
2024-03-09 03:30:00,2,0,4,6,1,1,0,14
2024-03-09 03:40:00,2,3,9,3,0,1,0,18
2024-03-09 03:50:00,3,4,3,9,1,2,0,22
2024-03-09 04:00:00,1,4,5,7,1,4,0,22
2024-03-09 04:10:00,4,2,7,5,3,5,0,26
2024-03-09 04:20:00,1,5,8,0,0,0,0,14
2024-03-09 04:30:00,3,11,4,3,0,0,0,21
2024-03-09 04:40:00,0,12,4,5,3,3,0,27
2024-03-09 04:50:00,1,14,11,6,3,5,0,40
2024-03-09 05:00:00,2,11,6,12,2,7,0,40
2024-03-09 05:10:00,5,12,13,5,1,5,1,42
2024-03-09 05:20:00,5,13,10,7,7,9,0,51
2024-03-09 05:30:00,6,16,19,2,0,0,0,43
2024-03-09 05:40:00,3,15,14,5,4,4,0,45
2024-03-09 05:50:00,3,17,16,7,1,2,0,46
2024-03-09 06:00:00,6,15,17,8,1,4,0,51
2024-03-09 06:10:00,7,11,16,8,4,8,0,54
2024-03-09 06:20:00,9,11,18,9,6,4,0,57
2024-03-09 06:30:00,11,15,13,7,2,5,0,53
2024-03-09 06:40:00,13,15,18,12,6,5,0,69
2024-03-09 06:50:00,16,11,14,6,2,3,1,53
2024-03-09 07:00:00,19,13,21,11,1,4,0,69
2024-03-09 07:10:00,14,18,11,3,5,4,1,56
2024-03-09 07:20:00,18,18,19,4,2,5,0,66
2024-03-09 07:30:00,19,26,29,6,5,7,0,92
2024-03-09 07:40:00,18,27,30,9,9,9,1,103
2024-03-09 07:50:00,18,20,29,8,6,5,0,86
2024-03-09 08:00:00,23,32,23,14,2,4,0,98
2024-03-09 08:10:00,17,21,17,9,6,6,0,76
2024-03-09 08:20:00,22,20,16,7,9,12,0,86
2024-03-09 08:30:00,23,31,30,14,8,10,0,116
2024-03-09 08:40:00,24,22,26,14,14,19,0,119
2024-03-09 08:50:00,23,19,23,10,10,12,2,99
2024-03-09 09:00:00,34,22,26,21,6,9,2,120
2024-03-09 09:10:00,33,24,30,12,11,14,0,124
2024-03-09 09:20:00,32,24,25,15,15,15,0,126
2024-03-09 09:30:00,27,20,36,13,13,18,0,127
2024-03-09 09:40:00,25,33,33,23,9,9,1,133
2024-03-09 09:50:00,27,24,12,14,17,17,1,112
2024-03-09 10:00:00,28,25,18,10,11,17,2,111
2024-03-09 10:10:00,20,25,23,25,9,17,0,119
2024-03-09 10:20:00,34,22,13,22,13,18,2,124
2024-03-09 10:30:00,42,25,35,32,13,19,2,168
2024-03-09 10:40:00,35,17,25,19,12,16,0,124
2024-03-09 10:50:00,41,22,30,34,19,19,2,167
2024-03-09 11:00:00,41,31,36,22,17,20,1,168
2024-03-09 11:10:00,28,30,28,28,13,19,0,146
2024-03-09 11:20:00,42,28,27,32,13,20,0,162
2024-03-09 11:30:00,41,26,22,33,14,19,2,157
2024-03-09 11:40:00,43,18,37,40,13,19,0,170
2024-03-09 11:50:00,40,29,27,31,13,15,0,155
2024-03-09 12:00:00,52,27,25,34,11,15,0,164
2024-03-09 12:10:00,41,28,24,40,9,9,0,151
2024-03-09 12:20:00,53,23,34,36,15,27,0,188
2024-03-09 12:30:00,49,37,17,34,10,19,1,167
2024-03-09 12:40:00,53,27,20,39,16,21,0,176
2024-03-09 12:50:00,40,30,19,47,7,27,1,171
2024-03-09 13:00:00,49,30,20,39,8,24,0,170
2024-03-09 13:10:00,35,36,31,50,14,19,2,187
2024-03-09 13:20:00,43,25,26,30,20,29,2,175
2024-03-09 13:30:00,38,16,19,35,12,20,0,140
2024-03-09 13:40:00,47,24,15,46,19,21,0,172
2024-03-09 13:50:00,52,19,8,35,17,20,1,152
2024-03-09 14:00:00,55,27,14,47,20,20,3,186
2024-03-09 14:10:00,56,23,32,31,11,15,0,168
2024-03-09 14:20:00,68,19,20,46,15,21,3,192
2024-03-09 14:30:00,52,29,21,46,8,23,1,180
2024-03-09 14:40:00,63,24,12,32,5,24,1,161
2024-03-09 14:50:00,51,17,16,43,8,19,0,154
2024-03-09 15:00:00,39,23,33,39,8,18,0,160
2024-03-09 15:10:00,39,27,29,44,14,17,0,170
2024-03-09 15:20:00,55,24,23,39,17,21,0,179
2024-03-09 15:30:00,54,18,28,40,20,21,1,182
2024-03-09 15:40:00,55,23,16,28,11,14,3,150
2024-03-09 15:50:00,44,24,19,43,12,14,2,158
2024-03-09 16:00:00,23,26,22,37,14,16,1,139
2024-03-09 16:10:00,32,20,13,41,11,23,0,140
2024-03-09 16:20:00,35,25,20,27,9,14,0,130
2024-03-09 16:30:00,43,27,28,35,8,11,0,152
2024-03-09 16:40:00,23,21,18,37,16,17,1,133
2024-03-09 16:50:00,34,28,24,49,11,12,2,160
2024-03-09 17:00:00,44,26,20,53,19,15,2,179
2024-03-09 17:10:00,32,19,21,53,8,26,2,161
2024-03-09 17:20:00,31,19,25,48,19,19,0,161
2024-03-09 17:30:00,30,18,26,61,11,16,0,162
2024-03-09 17:40:00,35,24,27,33,15,16,0,150
2024-03-09 17:50:00,30,17,24,40,16,25,1,153
2024-03-09 18:00:00,32,14,15,29,17,19,1,127
2024-03-09 18:10:00,40,23,25,27,9,14,0,138
2024-03-09 18:20:00,30,19,28,33,17,16,0,143
2024-03-09 18:30:00,26,23,20,25,18,19,1,132
2024-03-09 18:40:00,17,31,28,31,23,14,1,145
2024-03-09 18:50:00,20,29,26,28,16,25,2,146
2024-03-09 19:00:00,23,27,32,31,18,20,1,152
2024-03-09 19:10:00,29,38,31,32,12,13,0,155
2024-03-09 19:20:00,18,24,25,27,8,13,0,115
2024-03-09 19:30:00,17,28,37,32,6,7,0,127
2024-03-09 19:40:00,15,30,33,24,8,10,0,120
2024-03-09 19:50:00,22,26,27,26,13,13,0,127
2024-03-09 20:00:00,26,19,25,23,12,10,0,115
2024-03-09 20:10:00,24,21,34,27,13,13,0,132
2024-03-09 20:20:00,22,12,15,28,9,12,0,98
2024-03-09 20:30:00,19,23,29,28,10,12,0,121
2024-03-09 20:40:00,23,22,23,27,13,16,1,125
2024-03-09 20:50:00,22,31,35,17,10,13,1,129
2024-03-09 21:00:00,15,19,20,28,11,12,2,107
2024-03-09 21:10:00,13,20,28,26,1,1,0,89
2024-03-09 21:20:00,20,19,22,18,9,14,1,103
2024-03-09 21:30:00,13,17,21,20,38,14,0,123
2024-03-09 21:40:00,14,20,29,29,12,13,0,117
2024-03-09 21:50:00,11,14,24,24,10,12,0,95
2024-03-09 22:00:00,14,16,26,25,7,6,0,94
2024-03-09 22:10:00,15,15,25,25,11,14,0,105
2024-03-09 22:20:00,13,14,23,18,10,12,0,90
2024-03-09 22:30:00,18,12,20,19,5,5,1,80
2024-03-09 22:40:00,15,18,20,23,4,8,0,88
2024-03-09 22:50:00,9,14,13,25,9,19,0,89
2024-03-09 23:00:00,11,8,16,18,5,7,0,65
2024-03-09 23:10:00,17,17,18,17,4,9,0,82
2024-03-09 23:20:00,12,12,16,21,3,4,0,68
2024-03-09 23:30:00,8,10,14,14,5,7,0,58
2024-03-09 23:40:00,5,8,12,23,7,6,0,61
2024-03-09 23:50:00,10,16,13,21,15,13,0,88
2024-03-10 00:00:00,12,7,11,13,4,6,1,54
2024-03-10 00:10:00,10,4,8,15,3,4,2,46
2024-03-10 00:20:00,2,7,13,16,2,6,0,46
2024-03-10 00:30:00,10,11,9,14,5,8,0,57
2024-03-10 00:40:00,9,12,8,13,1,3,0,46
2024-03-10 00:50:00,6,7,9,15,1,6,0,44
2024-03-10 01:00:00,4,3,9,14,1,3,0,34
2024-03-10 01:10:00,3,7,7,10,0,1,0,28
2024-03-10 01:20:00,5,8,6,8,3,6,0,36
2024-03-10 01:30:00,4,7,3,10,0,0,1,25
2024-03-10 01:40:00,1,3,9,11,1,3,0,28
2024-03-10 01:50:00,2,7,5,14,4,6,1,39
2024-03-10 02:00:00,3,4,8,6,3,3,0,27
2024-03-10 02:10:00,5,7,4,13,2,4,0,35
2024-03-10 02:20:00,4,5,4,7,5,3,0,28
2024-03-10 02:30:00,4,5,8,13,8,8,0,46
2024-03-10 02:40:00,5,3,5,8,3,3,0,27
2024-03-10 02:50:00,2,7,6,7,1,5,0,28
2024-03-10 03:00:00,5,6,7,2,0,1,0,21
2024-03-10 03:10:00,5,1,10,6,0,1,0,23
2024-03-10 03:20:00,2,2,5,5,1,1,0,16
2024-03-10 03:30:00,0,3,5,5,1,1,0,15
2024-03-10 03:40:00,1,5,9,11,0,2,0,28
2024-03-10 03:50:00,2,5,8,10,1,3,0,29
2024-03-10 04:00:00,1,3,6,9,1,1,0,21
2024-03-10 04:10:00,1,1,7,5,2,3,0,19
2024-03-10 04:20:00,1,5,5,9,0,2,0,22
2024-03-10 04:30:00,4,9,3,7,1,2,0,26
2024-03-10 04:40:00,3,13,5,4,0,0,0,25
2024-03-10 04:50:00,2,11,8,3,4,2,0,30
2024-03-10 05:00:00,3,10,6,2,0,0,0,21
2024-03-10 05:10:00,2,8,9,3,0,1,0,23
2024-03-10 05:20:00,2,7,9,7,1,0,0,26
2024-03-10 05:30:00,0,7,14,2,1,1,0,25
2024-03-10 05:40:00,6,6,12,10,1,4,0,39
2024-03-10 05:50:00,1,12,9,2,0,0,0,24
2024-03-10 06:00:00,1,7,5,6,2,2,0,23
2024-03-10 06:10:00,5,8,8,6,4,4,0,35
2024-03-10 06:20:00,8,10,14,6,0,1,0,39
2024-03-10 06:30:00,2,5,3,10,1,4,0,25
2024-03-10 06:40:00,5,5,5,5,1,1,0,22
2024-03-10 06:50:00,9,7,4,5,0,1,0,26
2024-03-10 07:00:00,7,3,7,7,0,0,0,24
2024-03-10 07:10:00,13,10,7,3,2,3,0,38
2024-03-10 07:20:00,13,8,8,9,0,1,0,39
2024-03-10 07:30:00,9,9,11,7,2,2,0,40
2024-03-10 07:40:00,8,13,11,4,6,7,1,50
2024-03-10 07:50:00,6,10,5,3,7,7,0,38
2024-03-10 08:00:00,5,14,8,7,1,2,0,37
2024-03-10 08:10:00,7,13,14,11,3,2,0,50
2024-03-10 08:20:00,14,10,16,0,5,5,0,50
2024-03-10 08:30:00,11,14,24,6,5,6,1,67
2024-03-10 08:40:00,18,17,8,6,9,7,0,65
2024-03-10 08:50:00,25,15,24,8,3,3,0,78
2024-03-10 09:00:00,14,13,20,8,5,8,2,70
2024-03-10 09:10:00,30,23,16,6,3,3,1,82
2024-03-10 09:20:00,27,26,19,14,13,16,0,115
2024-03-10 09:30:00,26,21,16,8,5,7,0,83
2024-03-10 09:40:00,26,26,27,6,7,10,2,104
2024-03-10 09:50:00,27,24,18,9,19,17,1,115
2024-03-10 10:00:00,22,23,22,8,12,10,0,97
2024-03-10 10:10:00,30,27,19,11,15,15,0,117
2024-03-10 10:20:00,25,20,23,17,10,12,1,108
2024-03-10 10:30:00,29,21,22,16,11,14,2,115
2024-03-10 10:40:00,27,25,31,15,11,10,1,120
2024-03-10 10:50:00,26,25,25,21,10,11,0,118
2024-03-10 11:00:00,31,24,29,21,13,15,0,133
2024-03-10 11:10:00,48,21,26,16,9,7,1,128
2024-03-10 11:20:00,46,22,16,19,16,12,0,131
2024-03-10 11:30:00,36,23,20,17,18,18,0,132
2024-03-10 11:40:00,45,23,25,21,25,21,1,161
2024-03-10 11:50:00,33,20,22,21,17,21,0,134
2024-03-10 12:00:00,38,20,14,33,12,16,0,133
2024-03-10 12:10:00,30,20,27,18,17,12,0,124
2024-03-10 12:20:00,27,34,25,21,23,23,0,153
2024-03-10 12:30:00,51,23,22,25,21,16,0,158
2024-03-10 12:40:00,47,30,21,31,14,19,3,165
2024-03-10 12:50:00,34,19,18,33,12,12,0,128
2024-03-10 13:00:00,34,24,27,36,18,19,2,160
2024-03-10 13:10:00,32,26,30,27,13,14,0,142
2024-03-10 13:20:00,36,19,17,36,31,20,0,159
2024-03-10 13:30:00,38,23,25,31,22,25,1,165
2024-03-10 13:40:00,42,29,31,40,15,16,0,173
2024-03-10 13:50:00,38,24,26,21,21,24,1,155
2024-03-10 14:00:00,38,29,25,23,26,22,1,164
2024-03-10 14:10:00,33,26,27,36,21,24,0,167
2024-03-10 14:20:00,43,24,26,34,21,21,2,171
2024-03-10 14:30:00,42,28,24,46,17,17,0,174
2024-03-10 14:40:00,42,30,18,20,25,26,0,161
2024-03-10 14:50:00,37,20,22,41,19,32,7,178
2024-03-10 15:00:00,39,25,25,25,19,21,0,154
2024-03-10 15:10:00,37,24,24,29,17,19,2,152
2024-03-10 15:20:00,38,25,23,22,21,19,2,150
2024-03-10 15:30:00,40,22,22,28,17,20,4,153
2024-03-10 15:40:00,38,26,22,33,17,19,6,161
2024-03-10 15:50:00,40,27,21,23,17,20,2,150
2024-03-10 16:00:00,35,24,31,41,16,19,1,167
2024-03-10 16:10:00,34,23,21,29,17,14,2,140
2024-03-10 16:20:00,37,22,30,31,25,25,2,172
2024-03-10 16:30:00,45,30,29,28,18,20,6,176
2024-03-10 16:40:00,39,21,21,21,12,12,3,129
2024-03-10 16:50:00,27,27,25,26,18,19,1,143
2024-03-10 17:00:00,37,26,17,39,16,21,4,160
2024-03-10 17:10:00,47,28,24,26,22,22,0,169
2024-03-10 17:20:00,47,23,30,30,15,19,2,166
2024-03-10 17:30:00,34,25,29,27,18,21,4,158
2024-03-10 17:40:00,43,22,25,25,15,17,1,148
2024-03-10 17:50:00,31,30,22,21,21,19,2,146
2024-03-10 18:00:00,44,23,23,26,18,15,1,150
2024-03-10 18:10:00,34,27,23,22,18,18,1,143
2024-03-10 18:20:00,22,13,30,26,18,15,0,124
2024-03-10 18:30:00,14,26,38,19,10,15,3,125
2024-03-10 18:40:00,20,23,24,25,11,15,0,118
2024-03-10 18:50:00,49,28,16,25,14,15,0,147
2024-03-10 19:00:00,20,25,28,24,11,17,1,126
2024-03-10 19:10:00,31,30,21,26,13,12,2,135
2024-03-10 19:20:00,18,27,27,26,13,12,2,125
2024-03-10 19:30:00,22,30,25,17,7,5,0,106
2024-03-10 19:40:00,13,12,37,26,16,19,0,123
2024-03-10 19:50:00,13,27,26,31,7,11,0,115
2024-03-10 20:00:00,15,23,33,20,5,7,1,104
2024-03-10 20:10:00,14,18,22,23,11,14,0,102
2024-03-10 20:20:00,16,19,31,28,13,16,0,123
2024-03-10 20:30:00,16,17,19,19,14,10,0,95
2024-03-10 20:40:00,14,15,22,14,13,16,0,94
2024-03-10 20:50:00,12,14,13,21,10,13,1,84
2024-03-10 21:00:00,18,20,23,22,10,14,1,108
2024-03-10 21:10:00,17,21,13,21,8,10,0,90
2024-03-10 21:20:00,7,14,22,24,14,14,0,95
2024-03-10 21:30:00,14,15,15,29,7,11,0,91
2024-03-10 21:40:00,6,13,11,17,10,11,0,68
2024-03-10 21:50:00,17,11,17,25,6,7,0,83
2024-03-10 22:00:00,12,9,15,22,10,12,0,80
2024-03-10 22:10:00,6,11,12,21,8,4,0,62
2024-03-10 22:20:00,12,9,12,14,3,6,0,56
2024-03-10 22:30:00,12,8,7,12,5,5,0,49
2024-03-10 22:40:00,9,7,9,6,2,3,0,36
2024-03-10 22:50:00,9,9,9,16,6,5,0,54
2024-03-10 23:00:00,17,11,5,12,1,1,0,47
2024-03-10 23:10:00,9,5,5,7,3,3,0,32
2024-03-10 23:20:00,11,7,9,10,8,7,0,52
2024-03-10 23:30:00,8,6,3,8,1,1,0,27
2024-03-10 23:40:00,7,9,8,6,1,1,0,32
2024-03-10 23:50:00,8,8,4,11,2,3,0,36
2024-03-11 00:00:00,4,13,6,15,1,2,0,41
2024-03-11 00:10:00,5,5,4,6,3,2,0,25
2024-03-11 00:20:00,5,6,4,7,2,4,0,28
2024-03-11 00:30:00,7,2,1,2,3,2,0,17
2024-03-11 00:40:00,0,5,5,4,1,1,0,16
2024-03-11 00:50:00,2,6,1,3,2,2,0,16
2024-03-11 01:00:00,2,4,1,2,1,1,0,11
2024-03-11 01:10:00,5,0,0,3,0,0,0,8
2024-03-11 01:20:00,2,3,1,4,0,1,0,11
2024-03-11 01:30:00,4,5,1,2,0,0,0,12
2024-03-11 01:40:00,6,1,3,3,1,1,0,15
2024-03-11 01:50:00,4,2,3,2,0,1,0,12
2024-03-11 02:00:00,3,1,3,2,0,2,0,11
2024-03-11 02:10:00,1,1,2,2,0,0,0,6
2024-03-11 02:20:00,0,2,3,0,0,0,0,5
2024-03-11 02:30:00,1,5,3,0,0,0,0,9
2024-03-11 02:40:00,0,1,5,3,0,0,0,9
2024-03-11 02:50:00,0,2,3,4,0,0,0,9
2024-03-11 03:00:00,2,0,1,1,0,0,0,4
2024-03-11 03:10:00,3,2,4,3,0,1,0,13
2024-03-11 03:20:00,5,3,1,2,0,0,0,11
2024-03-11 03:30:00,0,3,4,3,1,3,0,14
2024-03-11 03:40:00,1,10,7,1,0,0,0,19
2024-03-11 03:50:00,2,3,4,4,1,2,0,16
2024-03-11 04:00:00,6,14,12,3,0,0,0,35
2024-03-11 04:10:00,4,9,7,2,4,2,0,28
2024-03-11 04:20:00,2,10,10,3,3,2,0,30
2024-03-11 04:30:00,4,14,3,6,1,5,0,33
2024-03-11 04:40:00,7,20,10,2,0,1,0,40
2024-03-11 04:50:00,8,26,13,6,3,3,0,59
2024-03-11 05:00:00,4,23,23,6,7,4,0,67
2024-03-11 05:10:00,10,31,16,4,1,3,0,65
2024-03-11 05:20:00,15,29,30,10,1,3,0,88
2024-03-11 05:30:00,7,32,32,5,2,2,0,80
2024-03-11 05:40:00,16,9,28,9,1,2,0,65
2024-03-11 05:50:00,13,30,27,8,3,6,0,87
2024-03-11 06:00:00,13,28,36,7,3,5,0,92
2024-03-11 06:10:00,14,35,30,14,7,8,1,109
2024-03-11 06:20:00,15,30,21,19,3,6,0,94
2024-03-11 06:30:00,17,19,29,15,6,6,0,92
2024-03-11 06:40:00,16,22,21,21,3,8,0,91
2024-03-11 06:50:00,15,34,30,21,4,8,0,112
2024-03-11 07:00:00,17,24,23,24,8,12,1,109
2024-03-11 07:10:00,26,35,48,22,11,14,0,156
2024-03-11 07:20:00,17,42,52,25,12,15,0,163
2024-03-11 07:30:00,23,30,22,13,4,9,3,104
2024-03-11 07:40:00,17,39,10,17,15,22,9,129
2024-03-11 07:50:00,19,41,17,22,16,28,1,144
2024-03-11 08:00:00,29,26,21,29,7,20,0,132
2024-03-11 08:10:00,15,28,27,26,8,13,3,120
2024-03-11 08:20:00,21,33,10,32,21,25,0,142
2024-03-11 08:30:00,34,37,17,25,13,23,4,153
2024-03-11 08:40:00,25,31,28,26,16,23,2,151
2024-03-11 08:50:00,20,41,32,24,12,16,1,146
2024-03-11 09:00:00,15,23,16,29,13,15,1,112
2024-03-11 09:10:00,17,42,22,19,12,24,1,137
2024-03-11 09:20:00,16,32,36,29,9,15,1,138
2024-03-11 09:30:00,28,24,14,16,14,15,1,112
2024-03-11 09:40:00,26,23,10,22,15,20,2,118
2024-03-11 09:50:00,29,22,7,20,17,23,0,118
2024-03-11 10:00:00,32,21,12,40,16,18,0,139
2024-03-11 10:10:00,27,24,21,23,4,18,0,117
2024-03-11 10:20:00,26,11,20,28,15,22,0,122
2024-03-11 10:30:00,26,27,31,22,13,17,0,136
2024-03-11 10:40:00,33,23,22,32,10,15,0,135
2024-03-11 10:50:00,30,15,22,21,10,18,0,116
2024-03-11 11:00:00,40,31,25,27,13,22,0,158
2024-03-11 11:10:00,14,28,21,40,30,20,0,153
2024-03-11 11:20:00,33,22,18,31,9,23,0,136
2024-03-11 11:30:00,44,24,22,27,15,21,0,153
2024-03-11 11:40:00,36,30,22,39,12,19,0,158
2024-03-11 11:50:00,44,30,22,29,21,22,0,168
2024-03-11 12:00:00,46,29,27,29,12,12,1,156
2024-03-11 12:10:00,48,25,24,28,13,13,0,151
2024-03-11 12:20:00,26,24,23,28,15,17,0,133
2024-03-11 12:30:00,35,26,27,39,18,20,0,165
2024-03-11 12:40:00,32,24,21,32,14,23,1,147
2024-03-11 12:50:00,37,28,27,43,15,23,0,173
2024-03-11 13:00:00,41,30,13,27,15,26,0,152
2024-03-11 13:10:00,28,28,19,46,9,31,1,162
2024-03-11 13:20:00,25,23,15,41,22,28,1,155
2024-03-11 13:30:00,29,28,22,35,19,19,0,152
2024-03-11 13:40:00,35,32,35,35,15,19,1,172
2024-03-11 13:50:00,36,19,14,27,14,20,1,131
2024-03-11 14:00:00,30,20,24,45,17,25,0,161
2024-03-11 14:10:00,14,29,17,33,19,26,3,141
2024-03-11 14:20:00,2,21,22,42,21,28,0,136
2024-03-11 14:30:00,29,15,25,29,19,21,0,138
2024-03-11 14:40:00,28,16,20,24,15,21,0,124
2024-03-11 14:50:00,13,25,26,54,17,24,0,159
2024-03-11 15:00:00,17,23,28,42,10,23,2,145
2024-03-11 15:10:00,12,28,24,68,14,30,1,177
2024-03-11 15:20:00,4,24,19,43,17,22,1,130
2024-03-11 15:30:00,10,25,25,38,14,23,1,136
2024-03-11 15:40:00,0,28,21,22,14,17,1,103
2024-03-11 15:50:00,3,23,24,10,15,31,1,107
2024-03-11 16:00:00,0,16,13,4,15,27,0,75
2024-03-11 16:10:00,0,16,19,13,12,18,0,78
2024-03-11 16:20:00,1,21,25,23,16,23,2,111
2024-03-11 16:30:00,5,25,18,26,21,25,1,121
2024-03-11 16:40:00,1,26,23,12,13,31,2,108
2024-03-11 16:50:00,13,28,17,23,18,25,4,128
2024-03-11 17:00:00,4,23,22,4,14,33,1,101
2024-03-11 17:10:00,3,27,20,19,13,27,1,110
2024-03-11 17:20:00,1,23,16,30,16,24,0,110
2024-03-11 17:30:00,8,23,22,25,17,22,4,121
2024-03-11 17:40:00,13,15,24,19,11,3,1,86
2024-03-11 17:50:00,11,24,17,37,14,10,1,114
2024-03-11 18:00:00,23,32,25,41,13,16,0,150
2024-03-11 18:10:00,17,30,25,41,19,23,0,155
2024-03-11 18:20:00,15,36,30,47,14,24,0,166
2024-03-11 18:30:00,15,26,30,35,17,20,2,145
2024-03-11 18:40:00,10,26,27,38,12,18,3,134
2024-03-11 18:50:00,8,21,22,36,17,20,1,125
2024-03-11 19:00:00,16,33,18,26,22,34,1,150
2024-03-11 19:10:00,32,23,20,28,15,21,1,140
2024-03-11 19:20:00,25,17,18,24,17,22,0,123
2024-03-11 19:30:00,18,27,24,23,6,11,0,109
2024-03-11 19:40:00,18,28,20,22,13,19,1,121
2024-03-11 19:50:00,24,28,17,22,18,21,0,130
2024-03-11 20:00:00,21,20,19,25,13,21,0,119
2024-03-11 20:10:00,22,26,16,17,7,11,0,99
2024-03-11 20:20:00,24,31,14,18,11,12,1,111
2024-03-11 20:30:00,20,20,21,18,8,9,2,98
2024-03-11 20:40:00,18,20,21,23,7,10,1,100
2024-03-11 20:50:00,12,22,21,26,8,10,1,100
2024-03-11 21:00:00,33,16,16,17,8,8,1,99
2024-03-11 21:10:00,11,13,16,20,8,9,0,77
2024-03-11 21:20:00,13,17,17,24,12,13,0,96
2024-03-11 21:30:00,33,12,15,14,8,10,0,92
2024-03-11 21:40:00,14,12,15,24,8,11,0,84
2024-03-11 21:50:00,11,7,10,19,4,9,1,61
2024-03-11 22:00:00,20,7,14,19,11,10,0,81
2024-03-11 22:10:00,20,14,8,24,7,10,2,85
2024-03-11 22:20:00,11,12,17,13,6,11,0,70
2024-03-11 22:30:00,8,11,14,14,7,6,0,60
2024-03-11 22:40:00,11,7,4,11,2,7,0,42
2024-03-11 22:50:00,6,8,7,15,8,12,0,56
2024-03-11 23:00:00,7,10,3,11,4,3,0,38
2024-03-11 23:10:00,12,8,4,9,5,6,0,44
2024-03-11 23:20:00,8,4,5,6,4,8,0,35
2024-03-11 23:30:00,9,5,5,9,2,3,0,33
2024-03-11 23:40:00,4,2,8,9,2,5,0,30
2024-03-11 23:50:00,0,4,5,9,5,9,0,32
2024-03-12 00:00:00,3,9,8,9,3,4,0,36
2024-03-12 00:10:00,7,1,3,4,1,1,0,17
2024-03-12 00:20:00,5,3,3,7,4,7,0,29
2024-03-12 00:30:00,4,3,0,4,0,1,0,12
2024-03-12 00:40:00,4,5,5,2,1,1,0,18
2024-03-12 00:50:00,0,2,3,3,3,3,0,14
2024-03-12 01:00:00,1,2,1,6,0,2,0,12
2024-03-12 01:10:00,3,1,2,1,0,1,0,8
2024-03-12 01:20:00,1,4,1,1,1,1,0,9
2024-03-12 01:30:00,1,4,1,1,0,0,0,7
2024-03-12 01:40:00,1,0,3,2,1,1,0,8
2024-03-12 01:50:00,1,0,2,5,2,2,0,12
2024-03-12 02:00:00,5,4,2,1,0,0,0,12
2024-03-12 02:10:00,2,1,5,1,0,0,0,9
2024-03-12 02:20:00,0,1,4,0,0,0,0,5
2024-03-12 02:30:00,0,3,2,2,1,1,0,9
2024-03-12 02:40:00,0,2,5,0,0,0,0,7
2024-03-12 02:50:00,0,0,1,2,3,2,0,8
2024-03-12 03:00:00,1,2,3,1,0,0,0,7
2024-03-12 03:10:00,2,3,1,2,2,2,0,12
2024-03-12 03:20:00,4,1,3,0,1,1,0,10
2024-03-12 03:30:00,1,3,2,2,1,1,0,10
2024-03-12 03:40:00,2,1,2,1,0,1,0,7
2024-03-12 03:50:00,0,4,2,2,1,3,0,12
2024-03-12 04:00:00,3,0,7,4,0,4,0,18
2024-03-12 04:10:00,4,8,7,1,0,0,0,20
2024-03-12 04:20:00,7,9,5,0,1,2,0,24
2024-03-12 04:30:00,4,16,6,1,2,2,0,31
2024-03-12 04:40:00,4,17,9,3,1,3,0,37
2024-03-12 04:50:00,4,23,11,2,0,0,0,40
2024-03-12 05:00:00,1,29,18,2,1,2,0,53
2024-03-12 05:10:00,5,40,29,8,2,5,0,89
2024-03-12 05:20:00,12,36,32,11,2,2,0,95
2024-03-12 05:30:00,16,58,31,5,1,2,0,113
2024-03-12 05:40:00,10,43,51,4,3,2,0,113
2024-03-12 05:50:00,4,44,44,13,5,6,0,116
2024-03-12 06:00:00,11,23,35,9,2,7,0,87
2024-03-12 06:10:00,15,40,46,16,9,14,0,140
2024-03-12 06:20:00,19,39,36,14,13,14,1,136
2024-03-12 06:30:00,17,38,33,24,11,11,1,135
2024-03-12 06:40:00,25,35,22,21,8,14,1,126
2024-03-12 06:50:00,18,35,45,30,8,12,0,148
2024-03-12 07:00:00,25,33,21,27,14,15,1,136
2024-03-12 07:10:00,25,30,28,21,15,23,1,143
2024-03-12 07:20:00,22,30,16,21,11,16,7,123
2024-03-12 07:30:00,15,21,17,17,14,22,6,112
2024-03-12 07:40:00,18,31,16,21,12,21,7,126
2024-03-12 07:50:00,26,30,13,22,4,16,6,117
2024-03-12 08:00:00,5,11,4,23,0,1,2,46
2024-03-12 08:10:00,17,23,23,26,0,11,2,102
2024-03-12 08:20:00,29,26,18,30,15,21,1,140
2024-03-12 08:30:00,27,31,19,19,16,25,1,138
2024-03-12 08:40:00,23,27,11,22,16,27,1,127
2024-03-12 08:50:00,36,28,27,33,19,24,0,167
2024-03-12 09:00:00,42,30,31,17,11,19,2,152
2024-03-12 09:10:00,26,43,28,34,11,22,2,166
2024-03-12 09:20:00,24,43,21,30,15,20,0,153
2024-03-12 09:30:00,16,19,18,20,8,12,1,94
2024-03-12 09:40:00,27,25,12,35,13,22,0,134
2024-03-12 09:50:00,29,7,7,24,8,9,0,84
2024-03-12 10:00:00,23,21,17,21,16,20,1,119
2024-03-12 10:10:00,36,22,17,35,15,22,0,147
2024-03-12 10:20:00,38,20,29,19,22,20,0,148
2024-03-12 10:30:00,29,24,22,28,13,18,0,134
2024-03-12 10:40:00,33,24,11,42,16,21,0,147
2024-03-12 10:50:00,26,14,19,31,13,18,2,123
2024-03-12 11:00:00,28,18,18,42,13,17,0,136
2024-03-12 11:10:00,35,25,22,34,10,19,2,147
2024-03-12 11:20:00,34,27,17,35,18,24,1,156
2024-03-12 11:30:00,38,17,19,29,22,20,0,145
2024-03-12 11:40:00,35,23,19,33,19,24,0,153
2024-03-12 11:50:00,38,30,16,38,15,20,0,157
2024-03-12 12:00:00,33,23,18,37,16,17,0,144
2024-03-12 12:10:00,37,31,20,35,28,36,0,187
2024-03-12 12:20:00,38,21,24,40,12,24,1,160
2024-03-12 12:30:00,34,29,22,35,9,14,0,143
2024-03-12 12:40:00,16,27,29,46,19,23,0,160
2024-03-12 12:50:00,13,23,17,36,24,26,1,140
2024-03-12 13:00:00,39,26,20,39,22,27,0,173
2024-03-12 13:10:00,35,28,22,47,18,25,0,175
2024-03-12 13:20:00,39,20,22,41,15,22,0,159
2024-03-12 13:30:00,31,24,27,49,11,19,2,163
2024-03-12 13:40:00,17,13,17,33,10,23,1,114
2024-03-12 13:50:00,30,23,14,38,10,29,0,144
2024-03-12 14:00:00,61,16,23,46,18,25,1,190
2024-03-12 14:10:00,27,17,20,41,12,19,0,136
2024-03-12 14:20:00,31,20,25,44,21,28,0,169
2024-03-12 14:30:00,18,30,23,24,21,29,3,148
2024-03-12 14:40:00,14,23,22,20,16,18,1,114
2024-03-12 14:50:00,6,20,27,24,20,25,1,123
2024-03-12 15:00:00,6,24,7,36,19,33,0,125
2024-03-12 15:10:00,8,25,18,70,16,27,2,166
2024-03-12 15:20:00,6,29,19,50,15,26,1,146
2024-03-12 15:30:00,6,11,22,56,16,23,2,136
2024-03-12 15:40:00,2,18,11,26,20,26,3,106
2024-03-12 15:50:00,5,23,23,14,15,25,1,106
2024-03-12 16:00:00,1,24,15,19,23,31,4,117
2024-03-12 16:10:00,0,28,24,46,22,22,1,143
2024-03-12 16:20:00,0,18,27,26,9,21,0,101
2024-03-12 16:30:00,5,28,16,13,13,17,1,93
2024-03-12 16:40:00,11,33,23,31,13,15,0,126
2024-03-12 16:50:00,13,34,18,28,25,36,1,155
2024-03-12 17:00:00,6,28,20,19,25,25,1,124
2024-03-12 17:10:00,2,22,19,29,21,24,1,118
2024-03-12 17:20:00,2,25,13,11,21,26,1,99
2024-03-12 17:30:00,5,27,20,25,24,23,1,125
2024-03-12 17:40:00,3,22,15,40,17,19,3,119
2024-03-12 17:50:00,0,13,25,36,18,25,1,118
2024-03-12 18:00:00,0,18,17,20,20,23,1,99
2024-03-12 18:10:00,7,27,27,25,16,27,3,132
2024-03-12 18:20:00,11,23,27,20,10,15,0,106
2024-03-12 18:30:00,21,23,26,24,15,28,0,137
2024-03-12 18:40:00,7,22,26,28,26,26,2,137
2024-03-12 18:50:00,19,40,28,25,19,21,1,153
2024-03-12 19:00:00,26,27,24,24,9,21,2,133
2024-03-12 19:10:00,19,16,21,28,15,16,0,115
2024-03-12 19:20:00,20,29,39,24,20,33,2,167
2024-03-12 19:30:00,17,22,24,24,15,18,0,120
2024-03-12 19:40:00,12,23,21,22,9,12,0,99
2024-03-12 19:50:00,15,26,23,30,10,16,1,121
2024-03-12 20:00:00,15,15,20,28,7,8,0,93
2024-03-12 20:10:00,14,20,23,24,13,17,1,112
2024-03-12 20:20:00,14,24,28,25,12,14,0,117
2024-03-12 20:30:00,15,17,17,24,8,14,1,96
2024-03-12 20:40:00,20,19,22,28,13,15,2,119
2024-03-12 20:50:00,12,19,18,21,7,10,0,87
2024-03-12 21:00:00,15,17,11,27,12,17,0,99
2024-03-12 21:10:00,16,16,15,22,12,11,0,92
2024-03-12 21:20:00,24,18,11,24,12,11,0,100
2024-03-12 21:30:00,25,10,13,25,9,10,0,92
2024-03-12 21:40:00,17,15,9,33,10,12,0,96
2024-03-12 21:50:00,25,15,17,21,12,11,0,101
2024-03-12 22:00:00,23,12,9,19,8,7,0,78
2024-03-12 22:10:00,22,12,12,16,1,1,0,64
2024-03-12 22:20:00,15,15,16,18,4,7,0,75
2024-03-12 22:30:00,16,18,8,12,4,3,0,61
2024-03-12 22:40:00,19,11,6,15,8,9,0,68
2024-03-12 22:50:00,18,8,9,17,8,9,0,69
2024-03-12 23:00:00,12,12,6,14,6,6,0,56
2024-03-12 23:10:00,10,15,7,11,5,4,0,52
2024-03-12 23:20:00,12,7,7,20,2,5,0,53
2024-03-12 23:30:00,11,1,3,9,5,4,0,33
2024-03-12 23:40:00,9,7,9,14,4,3,0,46
2024-03-12 23:50:00,6,6,7,9,3,4,0,35
2024-03-13 00:00:00,7,7,3,10,2,3,0,32
2024-03-13 00:10:00,8,3,1,5,3,3,0,23
2024-03-13 00:20:00,7,6,5,2,2,1,0,23
2024-03-13 00:30:00,5,11,5,4,0,0,0,25
2024-03-13 00:40:00,2,6,1,3,0,0,0,12
2024-03-13 00:50:00,4,4,2,6,3,3,0,22
2024-03-13 01:00:00,7,4,3,2,0,0,0,16
2024-03-13 01:10:00,1,4,2,5,1,1,0,14
2024-03-13 01:20:00,5,2,4,2,1,2,0,16
2024-03-13 01:30:00,3,2,2,4,0,1,0,12
2024-03-13 01:40:00,3,0,5,4,0,0,0,12
2024-03-13 01:50:00,1,2,4,3,0,1,0,11
2024-03-13 02:00:00,5,4,2,2,0,0,0,13
2024-03-13 02:10:00,3,3,3,2,1,0,0,12
2024-03-13 02:20:00,0,1,2,1,0,0,0,4
2024-03-13 02:30:00,3,1,1,3,1,1,0,10
2024-03-13 02:40:00,3,1,2,2,1,1,0,10
2024-03-13 02:50:00,3,1,1,2,2,1,0,10
2024-03-13 03:00:00,5,4,3,0,0,0,0,12
2024-03-13 03:10:00,2,1,2,2,1,1,0,9
2024-03-13 03:20:00,1,0,1,2,0,1,0,5
2024-03-13 03:30:00,3,2,3,1,0,0,0,9
2024-03-13 03:40:00,2,4,2,1,0,0,0,9
2024-03-13 03:50:00,4,3,7,3,1,1,0,19
2024-03-13 04:00:00,6,5,7,3,1,2,0,24
2024-03-13 04:10:00,7,4,6,1,1,1,0,20
2024-03-13 04:20:00,1,9,11,3,0,0,0,24
2024-03-13 04:30:00,3,13,3,2,1,1,0,23
2024-03-13 04:40:00,5,16,12,4,5,4,0,46
2024-03-13 04:50:00,2,25,14,3,2,2,0,48
2024-03-13 05:00:00,9,30,15,6,4,3,0,67
2024-03-13 05:10:00,16,31,15,5,0,2,0,69
2024-03-13 05:20:00,12,32,29,10,2,7,0,92
2024-03-13 05:30:00,14,29,42,4,0,0,0,89
2024-03-13 05:40:00,16,32,35,8,0,4,0,95
2024-03-13 05:50:00,11,31,33,11,2,4,0,92
2024-03-13 06:00:00,18,23,21,8,3,4,0,77
2024-03-13 06:10:00,12,26,35,16,10,12,0,111
2024-03-13 06:20:00,17,39,31,17,8,10,1,123
2024-03-13 06:30:00,16,25,18,19,4,11,0,93
2024-03-13 06:40:00,20,25,31,20,7,13,0,116
2024-03-13 06:50:00,14,29,15,22,6,15,1,102
2024-03-13 07:00:00,22,30,16,27,7,14,0,116
2024-03-13 07:10:00,16,25,16,24,7,18,2,108
2024-03-13 07:20:00,19,33,10,27,9,13,2,113
2024-03-13 07:30:00,25,32,10,21,8,18,6,120
2024-03-13 07:40:00,17,25,9,18,15,23,9,116
2024-03-13 07:50:00,32,33,13,23,12,23,8,144
2024-03-13 08:00:00,23,24,17,16,13,25,2,120
2024-03-13 08:10:00,18,29,18,25,17,24,1,132
2024-03-13 08:20:00,26,30,13,23,12,17,2,123
2024-03-13 08:30:00,31,37,26,23,18,25,1,161
2024-03-13 08:40:00,24,27,29,28,12,17,4,141
2024-03-13 08:50:00,20,29,29,18,9,21,1,127
2024-03-13 09:00:00,27,30,26,21,12,25,1,142
2024-03-13 09:10:00,23,29,17,26,12,17,1,125
2024-03-13 09:20:00,25,28,16,29,21,23,1,143
2024-03-13 09:30:00,33,15,19,24,6,12,0,109
2024-03-13 09:40:00,28,17,12,34,19,19,0,129
2024-03-13 09:50:00,40,23,12,27,15,19,0,136
2024-03-13 10:00:00,31,31,18,32,15,21,0,148
2024-03-13 10:10:00,37,25,18,28,13,12,1,134
2024-03-13 10:20:00,24,23,20,28,17,20,1,133
2024-03-13 10:30:00,21,20,23,34,15,23,0,136
2024-03-13 10:40:00,38,18,13,32,16,28,0,145
2024-03-13 10:50:00,34,21,21,25,19,20,1,141
2024-03-13 11:00:00,33,23,30,37,25,27,1,176
2024-03-13 11:10:00,31,21,19,38,11,21,0,141
2024-03-13 11:20:00,31,26,22,30,14,18,1,142
2024-03-13 11:30:00,28,23,23,27,17,23,0,141
2024-03-13 11:40:00,27,16,19,33,15,22,2,134
2024-03-13 11:50:00,25,19,16,24,15,28,0,127
2024-03-13 12:00:00,27,33,33,30,10,19,0,152
2024-03-13 12:10:00,26,26,21,39,15,27,1,155
2024-03-13 12:20:00,42,25,24,26,13,18,0,148
2024-03-13 12:30:00,33,9,22,36,10,23,2,135
2024-03-13 12:40:00,40,24,31,26,10,19,0,150
2024-03-13 12:50:00,21,30,25,76,19,28,0,199
2024-03-13 13:00:00,18,34,24,39,17,27,0,159
2024-03-13 13:10:00,14,22,22,39,3,15,1,116
2024-03-13 13:20:00,29,34,17,53,12,22,0,167
2024-03-13 13:30:00,22,19,18,37,20,21,1,138
2024-03-13 13:40:00,44,25,22,48,11,24,1,175
2024-03-13 13:50:00,31,29,27,20,15,24,0,146
2024-03-13 14:00:00,24,23,16,46,14,16,0,139
2024-03-13 14:10:00,31,19,22,46,19,31,0,168
2024-03-13 14:20:00,17,19,22,53,11,18,0,140
2024-03-13 14:30:00,13,27,17,30,10,13,0,110
2024-03-13 14:40:00,6,19,21,36,10,23,0,115
2024-03-13 14:50:00,2,23,28,46,19,24,0,142
2024-03-13 15:00:00,11,18,19,28,18,21,0,115
2024-03-13 15:10:00,12,25,21,54,19,29,0,160
2024-03-13 15:20:00,13,21,14,29,9,19,1,106
2024-03-13 15:30:00,6,32,23,42,18,19,0,140
2024-03-13 15:40:00,12,24,21,35,17,24,3,136
2024-03-13 15:50:00,4,24,13,4,13,25,0,83
2024-03-13 16:00:00,6,24,24,7,14,18,0,93
2024-03-13 16:10:00,2,37,22,11,17,23,1,113
2024-03-13 16:20:00,0,27,20,0,12,26,5,90
2024-03-13 16:30:00,3,28,13,0,16,21,1,82
2024-03-13 16:40:00,13,26,18,20,14,16,8,115
2024-03-13 16:50:00,10,22,16,11,23,15,2,99
2024-03-13 17:00:00,10,21,19,42,16,25,0,133
2024-03-13 17:10:00,1,23,23,30,18,29,0,124
2024-03-13 17:20:00,2,22,25,28,18,23,1,119
2024-03-13 17:30:00,2,26,21,48,21,27,1,146
2024-03-13 17:40:00,4,28,15,32,19,25,2,125
2024-03-13 17:50:00,1,22,17,18,12,25,2,97
2024-03-13 18:00:00,9,23,12,38,19,21,0,122
2024-03-13 18:10:00,13,22,16,34,17,26,1,129
2024-03-13 18:20:00,32,27,26,20,16,25,2,148
2024-03-13 18:30:00,30,25,25,34,13,19,3,149
2024-03-13 18:40:00,11,20,31,26,23,24,0,135
2024-03-13 18:50:00,12,27,25,43,25,25,0,157
2024-03-13 19:00:00,15,32,31,36,22,29,0,165
2024-03-13 19:10:00,20,32,36,34,20,25,2,169
2024-03-13 19:20:00,16,23,23,32,15,22,0,131
2024-03-13 19:30:00,24,22,24,29,12,18,1,130
2024-03-13 19:40:00,12,27,21,28,14,17,3,122
2024-03-13 19:50:00,17,24,26,29,10,16,1,123
2024-03-13 20:00:00,26,16,17,28,20,22,0,129
2024-03-13 20:10:00,15,18,19,27,12,17,1,109
2024-03-13 20:20:00,26,27,25,25,14,18,0,135
2024-03-13 20:30:00,23,20,13,23,7,11,1,98
2024-03-13 20:40:00,19,28,21,18,8,12,1,107
2024-03-13 20:50:00,22,18,24,22,13,13,1,113
2024-03-13 21:00:00,17,26,19,16,12,12,0,102
2024-03-13 21:10:00,19,16,17,22,11,14,0,99
2024-03-13 21:20:00,27,14,14,22,9,10,0,96
2024-03-13 21:30:00,23,17,20,34,6,8,2,110
2024-03-13 21:40:00,18,14,18,37,14,15,0,116
2024-03-13 21:50:00,22,17,11,24,12,11,0,97
2024-03-13 22:00:00,13,9,16,19,8,5,0,70
2024-03-13 22:10:00,17,22,17,23,7,9,0,95
2024-03-13 22:20:00,15,10,15,27,12,16,0,95
2024-03-13 22:30:00,13,7,10,18,11,11,0,70
2024-03-13 22:40:00,12,7,5,14,5,6,0,49
2024-03-13 22:50:00,12,14,11,23,11,10,0,81
2024-03-13 23:00:00,11,7,8,24,5,5,1,61
2024-03-13 23:10:00,6,9,5,9,4,5,1,39
2024-03-13 23:20:00,9,5,3,13,7,8,0,45
2024-03-13 23:30:00,4,5,11,11,1,3,0,35
2024-03-13 23:40:00,8,4,6,9,2,5,0,34
2024-03-13 23:50:00,9,5,7,8,2,4,0,35
2024-03-14 00:00:00,2,6,4,8,2,3,0,25
2024-03-14 00:10:00,4,7,3,6,2,4,0,26
2024-03-14 00:20:00,3,7,6,11,3,4,0,34
2024-03-14 00:30:00,3,4,3,3,0,0,0,13
2024-03-14 00:40:00,2,2,5,5,0,1,0,15
2024-03-14 00:50:00,3,1,4,7,4,7,0,26
2024-03-14 01:00:00,4,2,4,4,0,3,0,17
2024-03-14 01:10:00,1,5,1,2,1,1,0,11
2024-03-14 01:20:00,2,3,4,1,0,0,0,10
2024-03-14 01:30:00,2,2,3,4,3,3,0,17
2024-03-14 01:40:00,0,1,1,4,1,3,0,10
2024-03-14 01:50:00,1,3,5,1,0,0,0,10
2024-03-14 02:00:00,0,2,4,3,1,2,0,12
2024-03-14 02:10:00,1,0,2,2,0,0,0,5
2024-03-14 02:20:00,1,1,5,2,1,1,0,11
2024-03-14 02:30:00,0,2,3,0,1,1,0,7
2024-03-14 02:40:00,0,1,4,1,1,2,0,9
2024-03-14 02:50:00,3,3,2,4,2,3,0,17
2024-03-14 03:00:00,1,1,2,1,0,0,0,5
2024-03-14 03:10:00,1,1,2,2,0,0,0,6
2024-03-14 03:20:00,1,7,4,2,2,1,0,17
2024-03-14 03:30:00,1,1,5,0,0,0,0,7
2024-03-14 03:40:00,1,1,2,3,0,2,0,9
2024-03-14 03:50:00,2,1,3,4,0,0,0,10
2024-03-14 04:00:00,3,4,6,2,1,2,0,18
2024-03-14 04:10:00,2,10,9,1,0,0,0,22
2024-03-14 04:20:00,5,9,9,1,1,1,0,26
2024-03-14 04:30:00,5,11,11,2,2,3,0,34
2024-03-14 04:40:00,3,20,12,2,2,1,0,40
2024-03-14 04:50:00,3,25,15,2,1,1,0,47
2024-03-14 05:00:00,3,30,16,3,2,3,0,57
2024-03-14 05:10:00,9,35,24,7,0,3,0,78
2024-03-14 05:20:00,9,42,37,15,4,7,0,114
2024-03-14 05:30:00,7,59,48,7,1,3,0,125
2024-03-14 05:40:00,9,50,39,7,1,6,0,112
2024-03-14 05:50:00,5,47,45,10,4,4,0,115
2024-03-14 06:00:00,8,50,29,8,5,6,0,106
2024-03-14 06:10:00,14,39,36,20,7,20,0,136
2024-03-14 06:20:00,16,40,43,16,7,16,1,139
2024-03-14 06:30:00,19,42,28,15,4,9,1,118
2024-03-14 06:40:00,20,43,20,15,4,8,0,110
2024-03-14 06:50:00,27,41,34,21,8,17,1,149
2024-03-14 07:00:00,28,33,25,25,14,15,0,140
2024-03-14 07:10:00,21,24,16,28,14,18,3,124
2024-03-14 07:20:00,18,34,19,21,6,12,4,114
2024-03-14 07:30:00,30,34,23,27,15,20,6,155
2024-03-14 07:40:00,38,32,22,28,17,19,7,163
2024-03-14 07:50:00,12,34,31,25,13,28,2,145
2024-03-14 08:00:00,23,28,12,23,13,16,3,118
2024-03-14 08:10:00,16,31,29,21,14,18,2,131
2024-03-14 08:20:00,33,38,20,28,18,25,3,165
2024-03-14 08:30:00,26,31,34,19,15,20,0,145
2024-03-14 08:40:00,13,35,24,26,9,18,2,127
2024-03-14 08:50:00,29,36,10,32,16,21,2,146
2024-03-14 09:00:00,28,33,34,18,14,19,1,147
2024-03-14 09:10:00,30,49,13,36,14,25,0,167
2024-03-14 09:20:00,30,30,31,28,18,23,1,161
2024-03-14 09:30:00,44,28,22,14,13,20,0,141
2024-03-14 09:40:00,33,21,24,11,18,26,2,135
2024-03-14 09:50:00,25,26,21,22,14,24,0,132
2024-03-14 10:00:00,30,19,23,26,12,20,0,130
2024-03-14 10:10:00,31,23,34,22,17,25,0,152
2024-03-14 10:20:00,38,32,23,24,21,26,0,164
2024-03-14 10:30:00,31,26,20,29,28,30,0,164
2024-03-14 10:40:00,36,20,20,20,3,15,0,114
2024-03-14 10:50:00,31,39,30,22,15,21,0,158
2024-03-14 11:00:00,38,29,27,30,18,24,1,167
2024-03-14 11:10:00,15,20,16,41,13,17,1,123
2024-03-14 11:20:00,36,21,18,28,12,24,0,139
2024-03-14 11:30:00,36,22,23,30,24,36,1,172
2024-03-14 11:40:00,35,21,30,34,16,19,1,156
2024-03-14 11:50:00,33,33,15,38,17,23,0,159
2024-03-14 12:00:00,38,22,33,21,16,22,1,153
2024-03-14 12:10:00,27,21,29,39,14,20,1,151
2024-03-14 12:20:00,37,23,26,29,14,21,0,150
2024-03-14 12:30:00,32,18,11,33,18,21,0,133
2024-03-14 12:40:00,45,29,22,30,16,15,3,160
2024-03-14 12:50:00,46,30,28,41,21,26,1,193
2024-03-14 13:00:00,29,20,23,39,16,18,0,145
2024-03-14 13:10:00,30,25,25,48,18,26,0,172
2024-03-14 13:20:00,42,30,15,48,20,34,0,189
2024-03-14 13:30:00,41,26,22,33,10,24,0,156
2024-03-14 13:40:00,47,25,26,49,16,25,0,188
2024-03-14 13:50:00,30,22,12,20,24,17,1,126
2024-03-14 14:00:00,36,22,23,46,15,28,1,171
2024-03-14 14:10:00,20,19,15,39,15,21,0,129
2024-03-14 14:20:00,12,20,23,26,22,24,0,127
2024-03-14 14:30:00,18,21,23,28,15,18,1,124
2024-03-14 14:40:00,21,21,23,39,17,23,1,145
2024-03-14 14:50:00,28,12,21,41,15,22,1,140
2024-03-14 15:00:00,10,28,29,35,15,18,1,136
2024-03-14 15:10:00,15,23,18,46,12,22,1,137
2024-03-14 15:20:00,5,22,30,7,10,17,0,91
2024-03-14 15:30:00,8,18,31,7,14,23,1,102
2024-03-14 15:40:00,1,30,22,27,15,28,1,124
2024-03-14 15:50:00,1,22,18,12,20,32,1,106
2024-03-14 16:00:00,1,19,22,12,18,30,2,104
2024-03-14 16:10:00,7,28,24,18,9,18,2,106
2024-03-14 16:20:00,4,19,22,44,14,25,1,129
2024-03-14 16:30:00,2,27,23,16,12,24,4,108
2024-03-14 16:40:00,13,15,22,7,24,27,2,110
2024-03-14 16:50:00,2,28,30,7,18,31,2,118
2024-03-14 17:00:00,14,27,27,12,26,28,1,135
2024-03-14 17:10:00,7,32,21,10,14,47,2,133
2024-03-14 17:20:00,10,28,18,20,14,34,0,124
2024-03-14 17:30:00,3,24,21,40,12,21,2,123
2024-03-14 17:40:00,10,16,24,30,18,27,3,128
2024-03-14 17:50:00,8,23,19,35,15,20,0,120
2024-03-14 18:00:00,5,18,21,36,18,29,1,128
2024-03-14 18:10:00,18,29,31,27,18,18,0,141
2024-03-14 18:20:00,8,29,27,19,19,27,2,131
2024-03-14 18:30:00,9,19,20,27,10,19,2,106
2024-03-14 18:40:00,19,21,16,34,16,19,0,125
2024-03-14 18:50:00,22,20,30,40,22,26,1,161
2024-03-14 19:00:00,31,31,35,23,11,13,1,145
2024-03-14 19:10:00,28,28,28,44,9,14,2,153
2024-03-14 19:20:00,22,20,18,31,19,21,2,133
2024-03-14 19:30:00,19,16,21,36,16,21,1,130
2024-03-14 19:40:00,27,33,22,21,12,9,3,127
2024-03-14 19:50:00,22,21,23,22,13,19,1,121
2024-03-14 20:00:00,22,27,28,29,19,18,1,144
2024-03-14 20:10:00,27,16,17,27,10,15,1,113
2024-03-14 20:20:00,49,22,28,31,17,20,1,168
2024-03-14 20:30:00,10,22,26,19,14,15,0,106
2024-03-14 20:40:00,14,23,10,20,12,11,1,91
2024-03-14 20:50:00,17,22,18,28,9,10,4,108
2024-03-14 21:00:00,20,17,17,26,12,18,0,110
2024-03-14 21:10:00,22,11,15,26,4,6,0,84
2024-03-14 21:20:00,15,11,14,26,16,15,0,97
2024-03-14 21:30:00,16,14,12,19,7,8,0,76
2024-03-14 21:40:00,20,13,18,24,7,12,0,94
2024-03-14 21:50:00,12,12,12,19,12,16,0,83
2024-03-14 22:00:00,19,15,28,29,11,20,0,122
2024-03-14 22:10:00,18,16,18,12,4,9,1,78
2024-03-14 22:20:00,17,13,15,17,13,16,1,92
2024-03-14 22:30:00,23,13,16,13,8,8,0,81
2024-03-14 22:40:00,16,9,4,17,7,7,0,60
2024-03-14 22:50:00,12,12,4,10,6,7,1,52
2024-03-14 23:00:00,13,8,7,12,6,5,0,51
2024-03-14 23:10:00,7,10,10,13,5,7,0,52
2024-03-14 23:20:00,10,7,11,14,3,3,0,48
2024-03-14 23:30:00,5,8,8,11,5,4,0,41
2024-03-14 23:40:00,7,8,3,10,0,1,0,29
2024-03-14 23:50:00,5,3,9,11,4,5,1,38
2024-03-15 00:00:00,5,6,6,6,4,7,0,34
2024-03-15 00:10:00,4,6,3,10,3,2,0,28
2024-03-15 00:20:00,3,3,5,9,7,8,0,35
2024-03-15 00:30:00,3,3,3,5,2,2,0,18
2024-03-15 00:40:00,3,4,4,6,0,1,0,18
2024-03-15 00:50:00,2,2,3,6,2,4,0,19
2024-03-15 01:00:00,0,2,2,9,2,2,0,17
2024-03-15 01:10:00,2,3,3,1,0,0,0,9
2024-03-15 01:20:00,4,3,5,4,0,0,0,16
2024-03-15 01:30:00,0,3,4,4,1,1,0,13
2024-03-15 01:40:00,2,2,3,0,1,1,0,9
2024-03-15 01:50:00,2,3,5,2,2,2,0,16
2024-03-15 02:00:00,1,1,3,5,0,2,0,12
2024-03-15 02:10:00,2,6,4,2,0,0,0,14
2024-03-15 02:20:00,2,1,1,5,2,3,0,14
2024-03-15 02:30:00,1,1,2,0,0,0,0,4
2024-03-15 02:40:00,1,1,8,2,1,2,0,15
2024-03-15 02:50:00,0,0,4,3,0,0,0,7
2024-03-15 03:00:00,0,3,3,3,3,2,0,14
2024-03-15 03:10:00,2,2,0,1,0,0,0,5
2024-03-15 03:20:00,1,5,1,6,0,2,0,15
2024-03-15 03:30:00,3,2,1,3,2,5,0,16
2024-03-15 03:40:00,3,6,5,0,0,0,0,14
2024-03-15 03:50:00,2,2,5,2,1,1,0,13
2024-03-15 04:00:00,0,8,5,1,1,2,0,17
2024-03-15 04:10:00,1,10,6,0,0,0,0,17
2024-03-15 04:20:00,3,6,11,1,0,0,0,21
2024-03-15 04:30:00,8,16,5,2,1,2,0,34
2024-03-15 04:40:00,5,14,14,3,2,5,0,43
2024-03-15 04:50:00,10,26,15,1,1,1,0,54
2024-03-15 05:00:00,8,24,9,5,2,4,0,52
2024-03-15 05:10:00,5,32,24,5,1,2,0,69
2024-03-15 05:20:00,10,44,34,11,2,3,0,104
2024-03-15 05:30:00,10,45,35,3,1,1,0,95
2024-03-15 05:40:00,7,42,40,8,1,4,0,102
2024-03-15 05:50:00,9,46,45,8,1,3,0,112
2024-03-15 06:00:00,13,31,28,9,4,6,0,91
2024-03-15 06:10:00,14,36,31,14,8,11,0,114
2024-03-15 06:20:00,15,41,39,18,4,8,0,125
2024-03-15 06:30:00,29,38,29,16,4,7,0,123
2024-03-15 06:40:00,20,38,38,20,7,9,0,132
2024-03-15 06:50:00,19,49,44,23,6,11,1,153
2024-03-15 07:00:00,23,36,27,22,12,14,1,135
2024-03-15 07:10:00,23,37,29,22,6,13,1,131
2024-03-15 07:20:00,13,37,25,28,4,9,8,124
2024-03-15 07:30:00,16,22,27,17,4,7,7,100
2024-03-15 07:40:00,29,31,22,28,13,21,2,146
2024-03-15 07:50:00,26,41,24,36,13,26,1,167
2024-03-15 08:00:00,15,30,17,19,16,19,2,118
2024-03-15 08:10:00,25,25,22,32,10,19,0,133
2024-03-15 08:20:00,23,38,38,22,17,23,0,161
2024-03-15 08:30:00,13,32,13,21,14,21,1,115
2024-03-15 08:40:00,29,37,22,26,15,19,1,149
2024-03-15 08:50:00,19,30,20,21,21,26,2,139
2024-03-15 09:00:00,26,27,28,19,18,30,1,149
2024-03-15 09:10:00,24,34,27,26,10,15,2,138
2024-03-15 09:20:00,19,32,23,25,22,30,3,154
2024-03-15 09:30:00,27,34,30,21,16,20,3,151
2024-03-15 09:40:00,29,20,23,27,14,18,1,132
2024-03-15 09:50:00,37,25,16,18,15,16,0,127
2024-03-15 10:00:00,39,22,16,29,18,14,0,138
2024-03-15 10:10:00,35,29,20,23,11,20,0,138
2024-03-15 10:20:00,29,24,19,28,14,20,0,134
2024-03-15 10:30:00,36,28,23,24,7,11,0,129
2024-03-15 10:40:00,38,27,23,24,14,20,0,146
2024-03-15 10:50:00,37,30,15,32,22,24,0,160
2024-03-15 11:00:00,29,29,21,26,13,19,0,137
2024-03-15 11:10:00,41,25,24,27,17,37,1,172
2024-03-15 11:20:00,34,21,24,24,13,39,0,155
2024-03-15 11:30:00,25,24,11,19,15,21,0,115
2024-03-15 11:40:00,37,23,18,36,13,19,0,146
2024-03-15 11:50:00,40,16,11,17,15,21,1,121
2024-03-15 12:00:00,12,22,17,23,11,22,0,107
2024-03-15 12:10:00,24,27,24,28,15,19,0,137
2024-03-15 12:20:00,33,20,24,31,48,27,0,183
2024-03-15 12:30:00,17,21,16,26,17,26,0,123
2024-03-15 12:40:00,11,18,18,32,18,22,2,121
2024-03-15 12:50:00,6,27,36,25,15,22,1,132
2024-03-15 13:00:00,4,18,21,36,16,24,2,121
2024-03-15 13:10:00,1,14,27,24,19,24,1,110
2024-03-15 13:20:00,2,21,17,9,14,22,0,85
2024-03-15 13:30:00,0,32,13,29,14,27,0,115
2024-03-15 13:40:00,0,29,16,30,16,20,1,112
2024-03-15 13:50:00,0,19,18,34,15,31,2,119
2024-03-15 14:00:00,1,28,19,23,18,24,0,113
2024-03-15 14:10:00,8,25,25,57,14,22,0,151
2024-03-15 14:20:00,2,32,22,29,13,25,2,125
2024-03-15 14:30:00,6,31,25,36,14,21,0,133
2024-03-15 14:40:00,17,18,15,43,12,23,0,128
2024-03-15 14:50:00,9,27,15,46,14,21,3,135
2024-03-15 15:00:00,16,18,23,39,16,24,2,138
2024-03-15 15:10:00,7,24,14,60,19,23,1,148
2024-03-15 15:20:00,6,22,13,24,19,24,2,110
2024-03-15 15:30:00,8,33,18,51,17,26,1,154
2024-03-15 15:40:00,8,18,27,24,20,25,1,123
2024-03-15 15:50:00,6,26,17,42,17,24,2,134
2024-03-15 16:00:00,31,32,26,33,8,18,0,148
2024-03-15 16:10:00,29,27,21,43,18,28,1,167
2024-03-15 16:20:00,22,25,22,45,10,18,1,143
2024-03-15 16:30:00,16,26,19,38,14,12,0,125
2024-03-15 16:40:00,11,24,27,51,16,22,1,152
2024-03-15 16:50:00,11,27,27,55,20,29,2,171
2024-03-15 17:00:00,15,23,28,34,16,25,2,143
2024-03-15 17:10:00,13,30,27,31,17,27,0,145
2024-03-15 17:20:00,20,21,20,36,17,23,2,139
2024-03-15 17:30:00,15,26,19,44,13,15,0,132
2024-03-15 17:40:00,22,30,20,45,22,30,1,170
2024-03-15 17:50:00,15,27,31,43,16,26,2,160
2024-03-15 18:00:00,27,34,25,26,15,23,0,150
2024-03-15 18:10:00,10,25,30,31,15,29,1,141
2024-03-15 18:20:00,11,20,20,39,18,21,2,131
2024-03-15 18:30:00,34,24,26,36,20,19,0,159
2024-03-15 18:40:00,12,31,19,26,10,18,3,119
2024-03-15 18:50:00,6,26,16,25,20,28,1,122
2024-03-15 19:00:00,22,23,20,26,18,25,2,136
2024-03-15 19:10:00,20,29,34,28,16,22,1,150
2024-03-15 19:20:00,24,32,40,26,14,19,0,155
2024-03-15 19:30:00,12,25,20,23,13,17,2,112
2024-03-15 19:40:00,24,21,26,27,19,21,2,140
2024-03-15 19:50:00,19,27,33,30,15,27,1,152
2024-03-15 20:00:00,28,22,19,30,12,20,1,132
2024-03-15 20:10:00,30,21,19,28,13,15,1,127
2024-03-15 20:20:00,17,20,27,22,7,9,0,102
2024-03-15 20:30:00,27,23,22,27,21,17,0,137
2024-03-15 20:40:00,22,16,25,22,9,12,0,106
2024-03-15 20:50:00,26,18,24,29,10,13,2,122
2024-03-15 21:00:00,22,25,18,21,8,10,0,104
2024-03-15 21:10:00,19,17,16,19,9,10,1,91
2024-03-15 21:20:00,15,24,19,25,10,12,0,105
2024-03-15 21:30:00,15,15,18,20,12,10,0,90
2024-03-15 21:40:00,13,17,19,23,4,9,1,86
2024-03-15 21:50:00,25,21,19,29,10,12,0,116
2024-03-15 22:00:00,22,15,22,24,10,11,1,105
2024-03-15 22:10:00,22,21,15,28,11,9,0,106
2024-03-15 22:20:00,8,17,20,27,13,12,2,99
2024-03-15 22:30:00,15,20,20,24,8,9,1,97
2024-03-15 22:40:00,17,20,15,20,11,11,0,94
2024-03-15 22:50:00,15,12,14,20,8,7,0,76
2024-03-15 23:00:00,9,8,14,20,4,5,0,60
2024-03-15 23:10:00,14,11,20,20,5,5,0,75
2024-03-15 23:20:00,14,16,12,22,5,10,0,79
2024-03-15 23:30:00,8,10,11,15,5,6,0,55
2024-03-15 23:40:00,10,8,19,14,2,4,0,57
2024-03-15 23:50:00,5,7,8,18,6,8,0,52
2024-03-16 00:00:00,7,3,15,14,6,6,0,51
2024-03-16 00:10:00,9,8,9,16,3,4,0,49
2024-03-16 00:20:00,6,5,15,18,16,11,0,71
2024-03-16 00:30:00,5,6,6,11,2,4,0,34
2024-03-16 00:40:00,6,5,12,15,4,3,0,45
2024-03-16 00:50:00,2,2,9,10,5,6,1,35
2024-03-16 01:00:00,5,7,5,12,3,4,0,36
2024-03-16 01:10:00,3,8,6,12,4,3,0,36
2024-03-16 01:20:00,7,6,3,16,1,5,0,38
2024-03-16 01:30:00,4,1,5,17,4,5,0,36
2024-03-16 01:40:00,0,5,5,7,0,0,0,17
2024-03-16 01:50:00,1,4,7,5,3,3,0,23
2024-03-16 02:00:00,7,2,4,10,3,3,0,29
2024-03-16 02:10:00,6,2,1,5,1,1,0,16
2024-03-16 02:20:00,4,3,6,6,1,3,0,23
2024-03-16 02:30:00,6,2,4,6,4,6,0,28
2024-03-16 02:40:00,3,4,3,7,0,1,0,18
2024-03-16 02:50:00,1,5,2,5,2,2,0,17
2024-03-16 03:00:00,3,0,1,4,0,0,0,8
2024-03-16 03:10:00,5,3,5,7,3,4,0,27
2024-03-16 03:20:00,5,1,0,1,0,0,0,7
2024-03-16 03:30:00,3,5,6,6,1,2,0,23
2024-03-16 03:40:00,3,1,3,5,0,0,0,12
2024-03-16 03:50:00,2,4,9,5,1,2,0,23
2024-03-16 04:00:00,2,1,4,3,1,1,0,12
2024-03-16 04:10:00,5,5,4,3,2,2,0,21
2024-03-16 04:20:00,3,6,4,6,2,2,0,23
2024-03-16 04:30:00,5,6,4,5,1,2,0,23
2024-03-16 04:40:00,5,10,4,6,0,0,0,25
2024-03-16 04:50:00,2,10,4,5,0,1,0,22
2024-03-16 05:00:00,1,10,11,2,1,2,0,27
2024-03-16 05:10:00,5,9,14,5,0,1,0,34
2024-03-16 05:20:00,6,16,18,10,1,6,0,57
2024-03-16 05:30:00,3,17,19,10,3,3,0,55
2024-03-16 05:40:00,10,14,16,8,3,8,0,59
2024-03-16 05:50:00,10,14,12,7,2,2,0,47
2024-03-16 06:00:00,6,10,10,10,1,4,0,41
2024-03-16 06:10:00,6,7,13,11,4,5,0,46
2024-03-16 06:20:00,11,21,19,10,3,5,0,69
2024-03-16 06:30:00,16,20,10,7,3,2,0,58
2024-03-16 06:40:00,12,10,16,10,1,5,0,54
2024-03-16 06:50:00,16,12,10,8,2,3,0,51
2024-03-16 07:00:00,9,13,10,7,3,4,0,46
2024-03-16 07:10:00,10,18,17,6,3,4,0,58
2024-03-16 07:20:00,17,25,23,8,4,3,1,81
2024-03-16 07:30:00,24,22,29,9,4,6,0,94
2024-03-16 07:40:00,13,27,25,2,7,8,2,84
2024-03-16 07:50:00,14,17,26,12,4,4,1,78
2024-03-16 08:00:00,22,29,19,9,3,4,0,86
2024-03-16 08:10:00,20,23,25,11,13,11,2,105
2024-03-16 08:20:00,18,21,29,8,7,14,0,97
2024-03-16 08:30:00,28,26,25,7,7,8,1,102
2024-03-16 08:40:00,31,19,28,19,12,18,1,128
2024-03-16 08:50:00,26,21,21,10,10,10,0,98
2024-03-16 09:00:00,24,26,24,17,10,11,0,112
2024-03-16 09:10:00,35,26,32,16,7,10,0,126
2024-03-16 09:20:00,28,23,26,24,14,14,0,129
2024-03-16 09:30:00,29,20,27,20,11,9,0,116
2024-03-16 09:40:00,37,28,25,17,9,8,0,124
2024-03-16 09:50:00,36,22,23,14,11,11,1,118
2024-03-16 10:00:00,35,26,34,13,12,14,2,136
2024-03-16 10:10:00,22,22,28,27,13,12,0,124
2024-03-16 10:20:00,34,20,23,32,20,20,0,149
2024-03-16 10:30:00,38,21,23,32,16,16,0,146
2024-03-16 10:40:00,39,24,28,33,16,20,0,160
2024-03-16 10:50:00,33,11,37,29,17,18,0,145
2024-03-16 11:00:00,26,29,22,22,10,12,2,123
2024-03-16 11:10:00,32,30,34,35,15,18,0,164
2024-03-16 11:20:00,37,24,16,29,18,24,0,148
2024-03-16 11:30:00,38,18,18,31,12,16,1,134
2024-03-16 11:40:00,30,24,21,21,10,13,1,120
2024-03-16 11:50:00,29,30,26,23,12,18,5,143
2024-03-16 12:00:00,34,26,24,44,13,17,1,159
2024-03-16 12:10:00,28,21,13,46,15,21,0,144
2024-03-16 12:20:00,51,19,21,36,22,25,0,174
2024-03-16 12:30:00,32,21,19,28,18,24,0,142
2024-03-16 12:40:00,29,22,28,27,19,23,0,148
2024-03-16 12:50:00,34,25,26,26,16,18,0,145
2024-03-16 13:00:00,35,16,29,36,11,14,1,142
2024-03-16 13:10:00,38,20,22,38,20,19,0,157
2024-03-16 13:20:00,34,30,24,47,19,19,0,173
2024-03-16 13:30:00,41,26,20,39,11,25,0,162
2024-03-16 13:40:00,26,27,24,39,9,9,2,136
2024-03-16 13:50:00,33,27,5,27,18,24,1,135
2024-03-16 14:00:00,34,21,17,49,13,23,2,159
2024-03-16 14:10:00,43,32,20,44,12,16,2,169
2024-03-16 14:20:00,38,27,12,45,15,25,2,164
2024-03-16 14:30:00,35,23,23,41,14,21,0,157
2024-03-16 14:40:00,38,11,12,37,22,29,2,151
2024-03-16 14:50:00,33,12,11,43,20,32,2,153
2024-03-16 15:00:00,42,19,26,41,19,23,1,171
2024-03-16 15:10:00,29,23,27,37,14,16,0,146
2024-03-16 15:20:00,34,23,24,36,15,16,1,149
2024-03-16 15:30:00,36,17,17,51,17,12,1,151
2024-03-16 15:40:00,32,25,27,30,20,25,1,160
2024-03-16 15:50:00,32,25,17,33,15,14,0,136
2024-03-16 16:00:00,39,23,25,36,10,23,1,157
2024-03-16 16:10:00,36,22,15,43,12,19,0,147
2024-03-16 16:20:00,38,19,29,56,28,28,0,198
2024-03-16 16:30:00,22,33,32,45,13,17,0,162
2024-03-16 16:40:00,26,21,26,27,11,13,2,126
2024-03-16 16:50:00,25,29,22,38,12,23,1,150
2024-03-16 17:00:00,24,34,33,39,15,18,0,163
2024-03-16 17:10:00,33,28,30,50,16,23,0,180
2024-03-16 17:20:00,40,26,22,41,14,18,1,162
2024-03-16 17:30:00,31,28,37,46,16,13,0,171
2024-03-16 17:40:00,40,16,23,38,14,24,0,155
2024-03-16 17:50:00,30,31,32,40,13,21,1,168
2024-03-16 18:00:00,42,19,19,36,20,34,1,171
2024-03-16 18:10:00,35,13,21,30,13,23,0,135
2024-03-16 18:20:00,17,22,19,49,18,29,1,155
2024-03-16 18:30:00,20,20,22,36,3,13,1,115
2024-03-16 18:40:00,29,26,18,38,17,20,0,148
2024-03-16 18:50:00,27,16,24,28,17,26,0,138
2024-03-16 19:00:00,27,19,28,31,19,21,0,145
2024-03-16 19:10:00,28,28,30,34,14,20,0,154
2024-03-16 19:20:00,18,20,26,33,13,15,0,125
2024-03-16 19:30:00,24,22,29,24,14,13,0,126
2024-03-16 19:40:00,21,20,30,32,17,20,2,142
2024-03-16 19:50:00,22,33,35,25,10,15,0,140
2024-03-16 20:00:00,21,27,30,32,13,8,1,132
2024-03-16 20:10:00,15,29,34,30,9,9,0,126
2024-03-16 20:20:00,12,21,18,25,13,17,2,108
2024-03-16 20:30:00,23,17,18,21,7,8,2,96
2024-03-16 20:40:00,15,15,23,20,9,15,0,97
2024-03-16 20:50:00,20,22,19,21,10,15,0,107
2024-03-16 21:00:00,14,21,18,25,6,9,0,93
2024-03-16 21:10:00,14,21,25,26,4,9,1,100
2024-03-16 21:20:00,12,12,25,20,9,12,0,90
2024-03-16 21:30:00,17,20,22,15,10,14,0,98
2024-03-16 21:40:00,17,16,22,19,15,15,0,104
2024-03-16 21:50:00,14,16,23,19,18,15,0,105
2024-03-16 22:00:00,12,20,20,28,8,9,0,97
2024-03-16 22:10:00,16,13,20,22,10,15,1,97
2024-03-16 22:20:00,18,15,20,24,11,7,0,95
2024-03-16 22:30:00,19,16,27,19,6,11,0,98
2024-03-16 22:40:00,14,20,16,24,14,15,1,104
2024-03-16 22:50:00,11,15,18,30,12,16,0,102
2024-03-16 23:00:00,15,21,18,30,6,10,0,100
2024-03-16 23:10:00,13,14,17,19,4,5,0,72
2024-03-16 23:20:00,9,16,21,25,10,14,0,95
2024-03-16 23:30:00,10,13,13,18,5,8,1,68
2024-03-16 23:40:00,6,6,17,20,5,7,0,61
2024-03-16 23:50:00,13,12,15,12,7,10,0,69
2024-03-17 00:00:00,6,16,14,19,4,5,0,64
2024-03-17 00:10:00,10,10,15,17,1,7,2,62
2024-03-17 00:20:00,8,5,11,15,3,5,0,47
2024-03-17 00:30:00,10,12,10,11,1,7,0,51
2024-03-17 00:40:00,4,10,10,12,0,5,0,41
2024-03-17 00:50:00,7,8,18,17,4,12,0,66
2024-03-17 01:00:00,7,3,5,11,1,1,0,28
2024-03-17 01:10:00,7,3,5,10,3,4,0,32
2024-03-17 01:20:00,5,10,8,15,3,2,0,43
2024-03-17 01:30:00,3,1,7,10,4,2,0,27
2024-03-17 01:40:00,3,1,6,10,1,1,0,22
2024-03-17 01:50:00,5,5,10,15,8,8,0,51
2024-03-17 02:00:00,4,8,9,9,0,1,0,31
2024-03-17 02:10:00,2,7,9,8,2,3,0,31
2024-03-17 02:20:00,4,3,10,7,1,2,0,27
2024-03-17 02:30:00,3,4,7,1,0,0,0,15
2024-03-17 02:40:00,2,0,11,9,0,2,0,24
2024-03-17 02:50:00,2,3,7,9,8,7,0,36
2024-03-17 03:00:00,4,1,4,7,2,6,0,24
2024-03-17 03:10:00,4,0,6,5,0,1,0,16
2024-03-17 03:20:00,2,3,7,10,1,4,0,27
2024-03-17 03:30:00,3,3,8,9,0,0,0,23
2024-03-17 03:40:00,3,3,8,10,0,1,0,25
2024-03-17 03:50:00,1,4,7,6,1,4,0,23
2024-03-17 04:00:00,1,3,8,7,0,1,0,20
2024-03-17 04:10:00,5,9,4,3,3,4,0,28
2024-03-17 04:20:00,3,4,11,7,2,6,0,33
2024-03-17 04:30:00,0,5,2,2,0,1,0,10
2024-03-17 04:40:00,2,12,6,2,2,4,0,28
2024-03-17 04:50:00,0,8,2,5,2,3,0,20
2024-03-17 05:00:00,1,15,7,8,1,2,0,34
2024-03-17 05:10:00,1,12,5,6,1,1,0,26
2024-03-17 05:20:00,2,13,13,5,1,2,0,36
2024-03-17 05:30:00,1,8,19,3,2,4,0,37
2024-03-17 05:40:00,1,7,14,9,1,2,0,34
2024-03-17 05:50:00,2,8,5,5,2,2,0,24
2024-03-17 06:00:00,6,7,11,6,2,4,0,36
2024-03-17 06:10:00,2,5,8,11,1,3,0,30
2024-03-17 06:20:00,4,6,12,8,1,1,0,32
2024-03-17 06:30:00,13,8,6,2,1,1,0,31
2024-03-17 06:40:00,6,5,6,4,4,3,0,28
2024-03-17 06:50:00,6,4,8,6,5,3,0,32
2024-03-17 07:00:00,4,3,12,3,0,0,0,22
2024-03-17 07:10:00,7,8,5,3,1,1,0,25
2024-03-17 07:20:00,7,7,6,3,8,7,0,38
2024-03-17 07:30:00,8,9,8,1,1,3,0,30
2024-03-17 07:40:00,7,20,15,5,6,3,0,56
2024-03-17 07:50:00,12,7,9,1,5,4,0,38
2024-03-17 08:00:00,11,11,7,2,6,5,0,42
2024-03-17 08:10:00,19,14,15,5,4,3,0,60
2024-03-17 08:20:00,21,19,18,6,8,10,0,82
2024-03-17 08:30:00,18,13,17,5,2,1,1,57
2024-03-17 08:40:00,13,18,13,5,4,4,1,58
2024-03-17 08:50:00,22,22,17,9,6,6,0,82
2024-03-17 09:00:00,16,20,13,7,4,4,1,65
2024-03-17 09:10:00,25,20,25,13,8,9,1,101
2024-03-17 09:20:00,23,17,19,6,14,16,1,96
2024-03-17 09:30:00,26,22,23,13,12,14,1,111
2024-03-17 09:40:00,23,21,27,14,13,17,2,117
2024-03-17 09:50:00,28,32,23,15,18,18,1,135
2024-03-17 10:00:00,31,23,22,17,17,14,0,124
2024-03-17 10:10:00,39,24,21,10,20,14,1,129
2024-03-17 10:20:00,33,15,20,12,10,15,2,107
2024-03-17 10:30:00,35,21,23,12,16,15,0,122
2024-03-17 10:40:00,33,21,22,15,25,24,0,140
2024-03-17 10:50:00,40,25,18,15,20,22,1,141
2024-03-17 11:00:00,29,21,16,14,14,14,1,109
2024-03-17 11:10:00,40,24,20,17,13,15,0,129
2024-03-17 11:20:00,34,15,25,29,16,15,2,136
2024-03-17 11:30:00,42,23,19,17,18,19,0,138
2024-03-17 11:40:00,35,22,22,26,34,29,0,168
2024-03-17 11:50:00,33,23,27,14,20,17,2,136
2024-03-17 12:00:00,36,26,30,31,12,12,1,148
2024-03-17 12:10:00,46,23,29,26,20,14,1,159
2024-03-17 12:20:00,39,20,20,20,26,27,1,153
2024-03-17 12:30:00,54,30,28,24,15,16,1,168
2024-03-17 12:40:00,46,19,22,26,20,21,0,154
2024-03-17 12:50:00,45,29,21,29,19,21,2,166
2024-03-17 13:00:00,40,24,28,30,18,16,0,156
2024-03-17 13:10:00,39,33,27,32,25,22,5,183
2024-03-17 13:20:00,38,22,28,30,19,17,1,155
2024-03-17 13:30:00,32,24,22,26,18,18,0,140
2024-03-17 13:40:00,35,19,17,36,21,22,0,150
2024-03-17 13:50:00,50,17,24,25,26,28,3,173
2024-03-17 14:00:00,45,23,25,37,22,23,4,179
2024-03-17 14:10:00,29,25,18,40,20,19,2,153
2024-03-17 14:20:00,34,26,20,30,17,15,3,145
2024-03-17 14:30:00,43,28,30,45,21,20,1,188
2024-03-17 14:40:00,42,22,25,37,25,20,3,174
2024-03-17 14:50:00,41,28,31,27,17,26,2,172
2024-03-17 15:00:00,31,26,26,36,16,11,1,147
2024-03-17 15:10:00,46,25,34,26,17,24,0,172
2024-03-17 15:20:00,40,27,18,24,20,24,0,153
2024-03-17 15:30:00,45,19,23,21,13,14,2,137
2024-03-17 15:40:00,38,24,23,22,25,21,1,154
2024-03-17 15:50:00,38,27,23,25,19,22,3,157
2024-03-17 16:00:00,35,24,26,27,18,24,2,156
2024-03-17 16:10:00,32,20,35,22,24,18,3,154
2024-03-17 16:20:00,42,31,30,31,15,16,2,167
2024-03-17 16:30:00,36,29,29,36,19,19,1,169
2024-03-17 16:40:00,38,26,26,30,18,24,3,165
2024-03-17 16:50:00,42,25,29,25,14,22,2,159
2024-03-17 17:00:00,38,23,24,34,12,14,2,147
2024-03-17 17:10:00,46,27,31,27,17,22,3,173
2024-03-17 17:20:00,42,26,30,15,13,17,3,146
2024-03-17 17:30:00,38,31,35,25,15,18,2,164
2024-03-17 17:40:00,40,20,18,21,18,22,2,141
2024-03-17 17:50:00,38,26,19,37,22,19,0,161
2024-03-17 18:00:00,39,19,27,27,23,31,1,167
2024-03-17 18:10:00,37,19,24,35,14,13,2,144
2024-03-17 18:20:00,42,25,29,25,14,18,2,155
2024-03-17 18:30:00,32,24,68,25,13,15,1,178
2024-03-17 18:40:00,17,22,32,22,11,12,1,117
2024-03-17 18:50:00,15,17,25,16,6,9,3,91
2024-03-17 19:00:00,25,21,26,20,17,17,0,126
2024-03-17 19:10:00,19,21,37,24,8,14,1,124
2024-03-17 19:20:00,26,18,28,24,12,15,1,124
2024-03-17 19:30:00,15,27,25,26,11,13,1,118
2024-03-17 19:40:00,15,28,34,21,13,15,1,127
2024-03-17 19:50:00,19,33,26,21,13,13,0,125
2024-03-17 20:00:00,19,28,22,33,12,15,0,129
2024-03-17 20:10:00,14,19,29,18,9,12,0,101
2024-03-17 20:20:00,19,24,22,23,16,18,0,122
2024-03-17 20:30:00,18,21,29,19,11,13,1,112
2024-03-17 20:40:00,20,18,20,29,6,8,1,102
2024-03-17 20:50:00,17,13,16,23,8,7,0,84
2024-03-17 21:00:00,14,19,23,21,7,7,0,91
2024-03-17 21:10:00,20,14,26,22,10,8,0,100
2024-03-17 21:20:00,8,14,17,19,8,11,0,77
2024-03-17 21:30:00,16,16,21,21,12,15,0,101
2024-03-17 21:40:00,13,14,22,17,4,4,2,76
2024-03-17 21:50:00,13,7,13,25,4,9,0,71
2024-03-17 22:00:00,9,11,13,17,1,4,0,55
2024-03-17 22:10:00,19,13,11,11,3,5,0,62
2024-03-17 22:20:00,11,13,8,15,11,10,0,68
2024-03-17 22:30:00,13,4,10,13,3,5,0,48
2024-03-17 22:40:00,8,13,9,11,7,10,0,58
2024-03-17 22:50:00,6,10,10,14,6,8,0,54
2024-03-17 23:00:00,5,10,9,16,2,1,0,43
2024-03-17 23:10:00,2,6,5,12,6,7,0,38
2024-03-17 23:20:00,8,4,5,12,3,4,0,36
2024-03-17 23:30:00,3,5,4,10,4,5,0,31
2024-03-17 23:40:00,3,8,10,5,2,2,0,30
2024-03-17 23:50:00,2,0,3,9,3,4,0,21
2024-03-18 00:00:00,14,2,5,6,0,1,0,28
2024-03-18 00:10:00,8,5,6,9,1,2,0,31
2024-03-18 00:20:00,7,4,4,6,2,3,0,26
2024-03-18 00:30:00,3,6,8,4,1,1,0,23
2024-03-18 00:40:00,6,1,2,1,0,0,0,10
2024-03-18 00:50:00,3,2,0,5,2,3,0,15
2024-03-18 01:00:00,5,0,0,1,0,1,0,7
2024-03-18 01:10:00,3,1,4,1,0,0,0,9
2024-03-18 01:20:00,2,3,5,2,0,2,0,14
2024-03-18 01:30:00,2,2,0,3,0,0,0,7
2024-03-18 01:40:00,2,2,6,5,0,2,0,17
2024-03-18 01:50:00,2,1,4,2,0,0,0,9
2024-03-18 02:00:00,0,0,1,4,0,0,0,5
2024-03-18 02:10:00,2,4,4,0,1,1,0,12
2024-03-18 02:20:00,1,3,3,2,1,2,0,12
2024-03-18 02:30:00,0,4,5,3,2,3,0,17
2024-03-18 02:40:00,0,0,2,0,0,0,0,2
2024-03-18 02:50:00,2,1,3,4,0,0,0,10
2024-03-18 03:00:00,2,0,3,4,0,0,0,9
2024-03-18 03:10:00,1,3,4,2,0,0,0,10
2024-03-18 03:20:00,4,4,5,1,0,2,0,16
2024-03-18 03:30:00,1,6,3,1,0,0,0,11
2024-03-18 03:40:00,2,5,5,2,0,1,0,15
2024-03-18 03:50:00,1,5,4,3,1,2,0,16
2024-03-18 04:00:00,2,9,4,3,1,2,0,21
2024-03-18 04:10:00,1,8,11,1,1,2,0,24
2024-03-18 04:20:00,3,7,8,0,1,1,0,20
2024-03-18 04:30:00,5,13,10,3,4,4,0,39
2024-03-18 04:40:00,1,25,13,5,3,4,0,51
2024-03-18 04:50:00,2,21,12,3,0,0,0,38
2024-03-18 05:00:00,7,30,19,3,2,2,0,63
2024-03-18 05:10:00,8,42,21,8,1,1,0,81
2024-03-18 05:20:00,11,44,38,12,5,7,0,117
2024-03-18 05:30:00,11,41,43,9,0,1,0,105
2024-03-18 05:40:00,6,51,50,3,1,1,0,112
2024-03-18 05:50:00,6,55,46,8,1,2,0,118
2024-03-18 06:00:00,16,35,56,6,4,5,0,122
2024-03-18 06:10:00,9,42,30,13,8,13,1,116
2024-03-18 06:20:00,18,46,39,12,6,7,0,128
2024-03-18 06:30:00,17,31,31,15,6,13,0,113
2024-03-18 06:40:00,24,42,25,17,9,13,2,132
2024-03-18 06:50:00,23,43,38,19,4,8,0,135
2024-03-18 07:00:00,16,26,20,27,8,11,1,109
2024-03-18 07:10:00,23,38,32,18,10,14,1,136
2024-03-18 07:20:00,26,31,23,32,10,18,5,145
2024-03-18 07:30:00,26,32,28,18,10,18,9,141
2024-03-18 07:40:00,11,28,16,19,18,25,1,118
2024-03-18 07:50:00,25,32,14,28,16,27,2,144
2024-03-18 08:00:00,28,39,13,25,11,18,0,134
2024-03-18 08:10:00,30,29,19,17,11,24,1,131
2024-03-18 08:20:00,27,32,33,19,14,32,0,157
2024-03-18 08:30:00,29,32,23,23,13,18,1,139
2024-03-18 08:40:00,38,33,8,33,14,26,1,153
2024-03-18 08:50:00,21,30,34,28,25,34,3,175
2024-03-18 09:00:00,27,35,30,26,16,29,0,163
2024-03-18 09:10:00,26,44,36,26,16,26,1,175
2024-03-18 09:20:00,20,44,22,24,17,28,1,156
2024-03-18 09:30:00,22,29,21,21,17,25,0,135
2024-03-18 09:40:00,36,17,23,27,15,18,1,137
2024-03-18 09:50:00,29,35,12,26,17,31,1,151
2024-03-18 10:00:00,36,29,25,24,15,22,0,151
2024-03-18 10:10:00,37,24,26,32,20,27,0,166
2024-03-18 10:20:00,24,25,33,26,10,17,0,135
2024-03-18 10:30:00,32,26,17,27,9,14,1,126
2024-03-18 10:40:00,28,16,12,30,16,16,0,118
2024-03-18 10:50:00,37,23,7,29,12,20,0,128
2024-03-18 11:00:00,29,27,19,23,4,21,0,123
2024-03-18 11:10:00,32,19,22,21,12,21,1,128
2024-03-18 11:20:00,32,23,22,36,21,23,0,157
2024-03-18 11:30:00,32,20,18,26,15,21,0,132
2024-03-18 11:40:00,29,24,24,38,17,21,0,153
2024-03-18 11:50:00,39,15,18,27,18,24,0,141
2024-03-18 12:00:00,36,20,21,33,22,30,0,162
2024-03-18 12:10:00,27,17,28,22,13,21,1,129
2024-03-18 12:20:00,39,23,23,38,10,25,0,158
2024-03-18 12:30:00,13,18,28,17,24,27,1,128
2024-03-18 12:40:00,36,16,20,36,13,21,0,142
2024-03-18 12:50:00,37,16,18,35,16,29,0,151
2024-03-18 13:00:00,36,21,23,26,24,28,1,159
2024-03-18 13:10:00,20,24,21,29,9,13,0,116
2024-03-18 13:20:00,29,31,17,22,16,19,1,135
2024-03-18 13:30:00,17,20,21,28,17,20,0,123
2024-03-18 13:40:00,29,19,22,25,19,21,0,135
2024-03-18 13:50:00,19,22,11,39,13,16,0,120
2024-03-18 14:00:00,28,21,16,45,15,19,2,146
2024-03-18 14:10:00,30,19,16,41,17,27,0,150
2024-03-18 14:20:00,21,13,24,16,19,19,1,113
2024-03-18 14:30:00,12,11,20,38,22,23,0,126
2024-03-18 14:40:00,33,22,26,31,25,24,0,161
2024-03-18 14:50:00,27,23,24,13,18,31,0,136
2024-03-18 15:00:00,18,27,22,35,13,21,4,140
2024-03-18 15:10:00,11,34,20,28,11,34,3,141
2024-03-18 15:20:00,5,24,22,23,9,18,2,103
2024-03-18 15:30:00,0,26,29,42,19,24,0,140
2024-03-18 15:40:00,4,27,14,31,17,21,2,116
2024-03-18 15:50:00,8,29,21,18,13,20,0,109
2024-03-18 16:00:00,6,20,13,24,21,24,0,108
2024-03-18 16:10:00,10,30,14,30,20,29,1,134
2024-03-18 16:20:00,11,19,17,13,14,19,0,93
2024-03-18 16:30:00,7,24,19,33,19,26,0,128
2024-03-18 16:40:00,5,33,28,32,12,25,2,137
2024-03-18 16:50:00,2,19,22,8,28,25,0,104
2024-03-18 17:00:00,4,23,14,12,19,29,1,102
2024-03-18 17:10:00,3,24,24,28,14,24,2,119
2024-03-18 17:20:00,0,27,29,15,15,28,2,116
2024-03-18 17:30:00,4,34,23,29,14,23,1,128
2024-03-18 17:40:00,9,19,21,38,24,31,3,145
2024-03-18 17:50:00,14,18,30,37,15,25,1,140
2024-03-18 18:00:00,2,24,17,33,13,20,0,109
2024-03-18 18:10:00,14,27,19,31,17,19,0,127
2024-03-18 18:20:00,6,24,22,38,12,17,0,119
2024-03-18 18:30:00,7,28,18,42,12,13,3,123
2024-03-18 18:40:00,25,30,28,39,15,19,1,157
2024-03-18 18:50:00,11,20,17,27,25,29,2,131
2024-03-18 19:00:00,29,27,31,31,17,19,1,155
2024-03-18 19:10:00,15,18,31,27,17,16,1,125
2024-03-18 19:20:00,13,31,29,32,24,31,0,160
2024-03-18 19:30:00,20,26,25,23,12,10,2,118
2024-03-18 19:40:00,19,24,26,29,17,26,0,141
2024-03-18 19:50:00,20,18,30,25,10,14,2,119
2024-03-18 20:00:00,22,12,15,31,13,13,1,107
2024-03-18 20:10:00,21,25,22,31,5,12,1,117
2024-03-18 20:20:00,22,22,24,31,11,15,0,125
2024-03-18 20:30:00,17,22,16,28,6,6,0,95
2024-03-18 20:40:00,19,28,15,17,6,11,0,96
2024-03-18 20:50:00,17,21,13,25,10,9,0,95
2024-03-18 21:00:00,10,18,20,20,8,8,0,84
2024-03-18 21:10:00,23,14,12,19,12,8,0,88
2024-03-18 21:20:00,10,16,29,21,6,9,0,91
2024-03-18 21:30:00,17,20,12,15,7,9,0,80
2024-03-18 21:40:00,19,8,16,27,10,9,0,89
2024-03-18 21:50:00,10,11,7,18,8,12,0,66
2024-03-18 22:00:00,16,21,19,17,4,6,0,83
2024-03-18 22:10:00,11,12,10,17,3,6,1,60
2024-03-18 22:20:00,14,7,10,26,10,10,0,77
2024-03-18 22:30:00,10,9,9,13,4,5,0,50
2024-03-18 22:40:00,8,8,8,18,5,5,0,52
2024-03-18 22:50:00,12,7,9,18,6,8,0,60
2024-03-18 23:00:00,6,3,6,14,2,2,0,33
2024-03-18 23:10:00,10,2,7,17,3,4,0,43
2024-03-18 23:20:00,2,7,6,16,4,12,0,47
2024-03-18 23:30:00,6,11,9,5,5,6,0,42
2024-03-18 23:40:00,8,6,5,9,3,10,0,41
2024-03-18 23:50:00,6,3,6,10,3,4,0,32
2024-03-19 00:00:00,4,7,7,8,1,4,0,31
2024-03-19 00:10:00,2,4,6,2,2,2,0,18
2024-03-19 00:20:00,5,3,6,4,2,3,0,23
2024-03-19 00:30:00,0,4,3,4,5,4,0,20
2024-03-19 00:40:00,2,4,2,6,0,0,0,14
2024-03-19 00:50:00,1,0,2,4,1,3,0,11
2024-03-19 01:00:00,0,1,9,2,2,2,0,16
2024-03-19 01:10:00,1,3,1,1,0,0,0,6
2024-03-19 01:20:00,1,0,3,5,0,0,0,9
2024-03-19 01:30:00,1,1,9,1,0,0,0,12
2024-03-19 01:40:00,3,2,3,3,2,2,0,15
2024-03-19 01:50:00,2,3,3,3,0,0,0,11
2024-03-19 02:00:00,2,1,4,0,0,0,0,7
2024-03-19 02:10:00,1,1,3,0,0,0,0,5
2024-03-19 02:20:00,0,0,5,2,1,1,0,9
2024-03-19 02:30:00,0,3,1,3,1,2,0,10
2024-03-19 02:40:00,3,3,3,1,0,0,0,10
2024-03-19 02:50:00,1,1,2,0,0,0,0,4
2024-03-19 03:00:00,0,2,2,6,0,1,0,11
2024-03-19 03:10:00,1,3,4,2,0,0,0,10
2024-03-19 03:20:00,0,3,2,2,2,2,0,11
2024-03-19 03:30:00,0,2,0,1,0,1,0,4
2024-03-19 03:40:00,0,1,2,3,0,0,0,6
2024-03-19 03:50:00,1,4,4,3,0,0,0,12
2024-03-19 04:00:00,3,4,2,1,0,0,0,10
2024-03-19 04:10:00,0,9,3,0,0,0,0,12
2024-03-19 04:20:00,2,12,8,0,0,0,0,22
2024-03-19 04:30:00,5,20,10,5,2,4,0,46
2024-03-19 04:40:00,3,17,10,4,3,5,0,42
2024-03-19 04:50:00,2,29,17,7,0,0,0,55
2024-03-19 05:00:00,6,29,23,3,2,2,0,65
2024-03-19 05:10:00,11,33,25,6,2,5,0,82
2024-03-19 05:20:00,7,41,41,11,4,7,0,111
2024-03-19 05:30:00,10,45,39,11,2,4,0,111
2024-03-19 05:40:00,7,46,48,8,1,3,0,113
2024-03-19 05:50:00,5,51,58,11,6,6,0,137
2024-03-19 06:00:00,14,29,40,8,1,4,0,96
2024-03-19 06:10:00,16,53,33,18,10,14,1,145
2024-03-19 06:20:00,12,47,36,20,9,11,1,136
2024-03-19 06:30:00,21,35,20,20,6,10,0,112
2024-03-19 06:40:00,22,36,25,24,8,8,0,123
2024-03-19 06:50:00,17,41,29,28,4,10,0,129
2024-03-19 07:00:00,41,36,21,20,7,13,0,138
2024-03-19 07:10:00,15,37,17,29,9,14,0,121
2024-03-19 07:20:00,12,31,25,22,11,15,4,120
2024-03-19 07:30:00,8,25,19,21,13,15,2,103
2024-03-19 07:40:00,32,28,24,20,14,23,5,146
2024-03-19 07:50:00,21,24,14,19,6,26,1,111
2024-03-19 08:00:00,25,26,12,29,23,31,1,147
2024-03-19 08:10:00,26,30,24,24,0,14,0,118
2024-03-19 08:20:00,22,34,29,21,7,19,2,134
2024-03-19 08:30:00,34,30,25,19,13,20,2,143
2024-03-19 08:40:00,28,27,32,24,21,33,1,166
2024-03-19 08:50:00,29,32,22,31,15,32,2,163
2024-03-19 09:00:00,27,36,38,35,14,19,1,170
2024-03-19 09:10:00,34,31,29,25,17,20,1,157
2024-03-19 09:20:00,23,41,32,28,21,28,0,173
2024-03-19 09:30:00,17,34,32,24,20,26,0,153
2024-03-19 09:40:00,31,21,13,21,12,27,0,125
2024-03-19 09:50:00,41,26,14,26,19,23,2,151
2024-03-19 10:00:00,29,25,22,26,15,26,1,144
2024-03-19 10:10:00,31,25,25,33,18,26,1,159
2024-03-19 10:20:00,30,24,28,37,16,23,0,158
2024-03-19 10:30:00,32,23,33,34,15,24,1,162
2024-03-19 10:40:00,34,19,17,33,12,21,1,137
2024-03-19 10:50:00,28,25,29,37,22,27,1,169
2024-03-19 11:00:00,33,23,15,36,22,25,1,155
2024-03-19 11:10:00,37,27,26,34,27,26,1,178
2024-03-19 11:20:00,30,22,28,34,24,30,0,168
2024-03-19 11:30:00,34,18,23,37,8,17,1,138
2024-03-19 11:40:00,29,28,23,24,18,13,0,135
2024-03-19 11:50:00,29,28,13,35,25,25,0,155
2024-03-19 12:00:00,47,21,18,39,12,19,0,156
2024-03-19 12:10:00,30,28,15,33,22,22,3,153
2024-03-19 12:20:00,26,24,25,37,20,27,0,159
2024-03-19 12:30:00,31,26,14,32,13,15,0,131
2024-03-19 12:40:00,26,17,17,43,19,23,0,145
2024-03-19 12:50:00,34,20,23,42,19,25,1,164
2024-03-19 13:00:00,28,18,23,48,8,21,0,146
2024-03-19 13:10:00,26,25,24,51,17,36,1,180
2024-03-19 13:20:00,11,23,10,31,22,23,0,120
2024-03-19 13:30:00,40,27,34,44,14,22,0,181
2024-03-19 13:40:00,31,29,24,47,11,23,0,165
2024-03-19 13:50:00,40,31,26,30,14,16,0,157
2024-03-19 14:00:00,25,23,18,42,15,22,1,146
2024-03-19 14:10:00,23,15,13,34,19,28,1,133
2024-03-19 14:20:00,12,29,23,7,14,22,1,108
2024-03-19 14:30:00,31,29,22,56,21,29,0,188
2024-03-19 14:40:00,11,28,17,45,17,28,1,147
2024-03-19 14:50:00,5,21,11,20,17,23,0,97
2024-03-19 15:00:00,11,24,21,34,21,27,1,139
2024-03-19 15:10:00,6,17,27,42,23,34,1,150
2024-03-19 15:20:00,13,32,22,52,15,27,1,162
2024-03-19 15:30:00,9,20,18,46,15,16,9,133
2024-03-19 15:40:00,2,24,17,21,17,28,0,109
2024-03-19 15:50:00,2,29,32,38,17,26,2,146
2024-03-19 16:00:00,8,29,18,20,13,23,1,112
2024-03-19 16:10:00,5,24,27,6,16,24,2,104
2024-03-19 16:20:00,20,36,19,35,11,13,5,139
2024-03-19 16:30:00,1,27,20,13,14,16,1,92
2024-03-19 16:40:00,1,21,24,17,19,26,2,110
2024-03-19 16:50:00,0,29,13,24,18,29,0,113
2024-03-19 17:00:00,5,26,26,22,18,20,1,118
2024-03-19 17:10:00,3,27,20,28,17,32,0,127
2024-03-19 17:20:00,7,22,16,18,12,21,3,99
2024-03-19 17:30:00,2,20,23,25,11,26,2,109
2024-03-19 17:40:00,19,24,18,50,14,22,3,150
2024-03-19 17:50:00,19,26,11,46,20,19,3,144
2024-03-19 18:00:00,9,10,22,23,12,23,3,102
2024-03-19 18:10:00,21,22,24,50,24,24,2,167
2024-03-19 18:20:00,18,31,24,44,11,28,1,157
2024-03-19 18:30:00,12,25,33,40,14,19,0,143
2024-03-19 18:40:00,16,20,23,42,16,21,3,141
2024-03-19 18:50:00,2,30,21,28,20,21,1,123
2024-03-19 19:00:00,12,27,24,25,11,24,3,126
2024-03-19 19:10:00,23,23,28,31,27,28,1,161
2024-03-19 19:20:00,24,20,33,30,23,28,0,158
2024-03-19 19:30:00,26,23,23,21,7,9,0,109
2024-03-19 19:40:00,14,22,20,18,11,14,0,99
2024-03-19 19:50:00,14,32,23,33,10,22,0,134
2024-03-19 20:00:00,15,27,32,22,12,16,0,124
2024-03-19 20:10:00,18,20,18,22,12,18,0,108
2024-03-19 20:20:00,18,30,21,23,12,17,0,121
2024-03-19 20:30:00,21,21,23,30,12,14,1,122
2024-03-19 20:40:00,17,17,21,28,23,16,0,122
2024-03-19 20:50:00,15,15,19,13,11,8,0,81
2024-03-19 21:00:00,23,20,22,24,7,11,0,107
2024-03-19 21:10:00,18,16,23,16,8,9,0,90
2024-03-19 21:20:00,12,15,22,25,10,15,0,99
2024-03-19 21:30:00,20,12,15,19,2,3,0,71
2024-03-19 21:40:00,18,16,24,15,8,12,1,94
2024-03-19 21:50:00,18,13,25,21,6,8,0,91
2024-03-19 22:00:00,16,13,11,21,9,7,1,78
2024-03-19 22:10:00,14,9,12,15,6,10,0,66
2024-03-19 22:20:00,14,13,13,17,8,10,1,76
2024-03-19 22:30:00,13,17,15,20,2,7,0,74
2024-03-19 22:40:00,14,16,9,17,5,13,0,74
2024-03-19 22:50:00,8,9,9,16,5,6,0,53
2024-03-19 23:00:00,6,10,15,13,2,7,0,53
2024-03-19 23:10:00,9,9,7,12,0,1,0,38
2024-03-19 23:20:00,8,4,10,7,7,6,0,42
2024-03-19 23:30:00,10,4,6,5,5,3,0,33
2024-03-19 23:40:00,1,7,9,5,3,3,0,28
2024-03-19 23:50:00,6,2,7,8,6,6,0,35
2024-03-20 00:00:00,3,5,6,7,4,6,0,31
2024-03-20 00:10:00,3,2,4,6,2,4,0,21
2024-03-20 00:20:00,2,5,4,6,2,3,0,22
2024-03-20 00:30:00,5,5,1,3,0,0,0,14
2024-03-20 00:40:00,2,2,3,4,1,2,0,14
2024-03-20 00:50:00,1,1,6,5,1,4,0,18
2024-03-20 01:00:00,2,5,5,3,1,2,0,18
2024-03-20 01:10:00,1,1,6,1,0,0,0,9
2024-03-20 01:20:00,5,3,4,2,1,1,0,16
2024-03-20 01:30:00,2,2,5,2,2,1,0,14
2024-03-20 01:40:00,0,2,2,3,0,0,0,7
2024-03-20 01:50:00,4,4,5,0,2,3,0,18
2024-03-20 02:00:00,1,2,4,6,1,2,0,16
2024-03-20 02:10:00,1,2,5,2,1,2,0,13
2024-03-20 02:20:00,1,2,2,1,0,0,0,6
2024-03-20 02:30:00,0,4,3,2,0,0,0,9
2024-03-20 02:40:00,0,0,2,2,0,2,0,6
2024-03-20 02:50:00,1,1,3,2,1,2,0,10
2024-03-20 03:00:00,1,4,1,4,0,0,0,10
2024-03-20 03:10:00,1,3,2,3,2,1,0,12
2024-03-20 03:20:00,3,4,4,3,0,1,0,15
2024-03-20 03:30:00,0,2,2,2,1,2,0,9
2024-03-20 03:40:00,0,1,3,2,1,2,0,9
2024-03-20 03:50:00,2,4,2,3,0,1,0,12
2024-03-20 04:00:00,2,9,5,2,0,1,0,19
2024-03-20 04:10:00,5,5,9,4,2,2,0,27
2024-03-20 04:20:00,3,5,7,2,2,2,0,21
2024-03-20 04:30:00,2,13,8,1,2,2,0,28
2024-03-20 04:40:00,4,19,14,0,0,0,0,37
2024-03-20 04:50:00,6,27,18,7,0,3,0,61
2024-03-20 05:00:00,5,31,23,3,3,3,0,68
2024-03-20 05:10:00,8,31,20,7,1,4,0,71
2024-03-20 05:20:00,10,38,43,9,5,4,0,109
2024-03-20 05:30:00,9,39,51,9,1,4,0,113
2024-03-20 05:40:00,7,41,46,3,2,2,0,101
2024-03-20 05:50:00,8,50,48,14,3,6,0,129
2024-03-20 06:00:00,3,41,35,11,9,11,0,110
2024-03-20 06:10:00,10,36,35,15,6,9,0,111
2024-03-20 06:20:00,23,29,25,15,5,9,0,106
2024-03-20 06:30:00,20,42,21,20,7,8,1,119
2024-03-20 06:40:00,17,43,38,14,9,13,0,134
2024-03-20 06:50:00,22,37,24,25,14,18,1,141
2024-03-20 07:00:00,28,43,36,20,13,19,1,160
2024-03-20 07:10:00,12,35,27,26,5,11,1,117
2024-03-20 07:20:00,19,39,25,30,11,11,3,138
2024-03-20 07:30:00,21,31,23,24,16,18,5,138
2024-03-20 07:40:00,26,42,36,27,13,19,2,165
2024-03-20 07:50:00,31,34,20,37,14,19,0,155
2024-03-20 08:00:00,11,28,33,18,23,31,0,144
2024-03-20 08:10:00,9,33,25,30,12,21,1,131
2024-03-20 08:20:00,7,37,19,43,10,24,0,140
2024-03-20 08:30:00,32,34,32,22,11,27,1,159
2024-03-20 08:40:00,23,33,16,26,13,20,4,135
2024-03-20 08:50:00,29,35,32,30,7,23,0,156
2024-03-20 09:00:00,20,30,43,22,9,17,4,145
2024-03-20 09:10:00,23,23,25,21,14,25,3,134
2024-03-20 09:20:00,17,31,30,21,24,30,1,154
2024-03-20 09:30:00,16,30,25,35,13,19,3,141
2024-03-20 09:40:00,20,19,5,29,20,22,0,115
2024-03-20 09:50:00,22,21,13,29,18,29,3,135
2024-03-20 10:00:00,27,28,15,23,14,22,1,130
2024-03-20 10:10:00,28,15,22,32,17,16,0,130
2024-03-20 10:20:00,38,23,13,31,23,30,1,159
2024-03-20 10:30:00,35,27,18,25,16,19,1,141
2024-03-20 10:40:00,36,22,15,49,21,28,0,171
2024-03-20 10:50:00,38,23,29,35,8,13,0,146
2024-03-20 11:00:00,32,27,22,28,17,23,1,150
2024-03-20 11:10:00,32,26,20,41,15,19,0,153
2024-03-20 11:20:00,33,26,19,45,19,22,0,164
2024-03-20 11:30:00,36,25,26,35,16,23,0,161
2024-03-20 11:40:00,36,30,30,42,19,19,0,176
2024-03-20 11:50:00,40,28,20,28,20,25,1,162
2024-03-20 12:00:00,49,29,23,39,13,17,0,170
2024-03-20 12:10:00,36,29,30,33,12,21,1,162
2024-03-20 12:20:00,36,20,12,50,20,21,0,159
2024-03-20 12:30:00,29,37,29,51,14,19,0,179
2024-03-20 12:40:00,24,18,15,38,21,25,1,142
2024-03-20 12:50:00,26,23,18,39,20,27,2,155
2024-03-20 13:00:00,37,32,26,25,7,16,2,145
2024-03-20 13:10:00,30,20,17,22,18,24,0,131
2024-03-20 13:20:00,26,15,17,36,19,23,1,137
2024-03-20 13:30:00,35,23,23,44,15,26,0,166
2024-03-20 13:40:00,43,24,25,49,17,27,0,185
2024-03-20 13:50:00,26,25,20,37,20,24,0,152
2024-03-20 14:00:00,30,24,27,46,18,23,1,169
2024-03-20 14:10:00,34,32,19,43,9,11,0,148
2024-03-20 14:20:00,14,26,24,27,18,33,1,143
2024-03-20 14:30:00,20,26,17,48,15,18,2,146
2024-03-20 14:40:00,28,28,21,39,20,23,0,159
2024-03-20 14:50:00,15,20,11,14,16,21,0,97
2024-03-20 15:00:00,5,28,15,18,16,33,2,117
2024-03-20 15:10:00,9,21,43,50,9,17,1,150
2024-03-20 15:20:00,8,29,14,19,15,24,3,112
2024-03-20 15:30:00,2,21,20,15,14,28,2,102
2024-03-20 15:40:00,5,25,21,15,17,30,3,116
2024-03-20 15:50:00,5,23,22,0,14,24,0,88
2024-03-20 16:00:00,3,33,14,0,16,23,0,89
2024-03-20 16:10:00,1,36,16,0,10,22,2,87
2024-03-20 16:20:00,3,22,24,0,18,28,3,98
2024-03-20 16:30:00,4,28,20,1,12,23,2,90
2024-03-20 16:40:00,0,28,16,1,10,25,2,82
2024-03-20 16:50:00,3,23,23,1,15,23,4,92
2024-03-20 17:00:00,14,28,20,25,20,33,0,140
2024-03-20 17:10:00,10,23,19,11,18,30,3,114
2024-03-20 17:20:00,0,20,13,20,17,25,1,96
2024-03-20 17:30:00,24,23,20,43,16,23,2,151
2024-03-20 17:40:00,8,26,18,42,20,24,3,141
2024-03-20 17:50:00,3,28,16,44,18,21,1,131
2024-03-20 18:00:00,8,20,19,22,21,25,0,115
2024-03-20 18:10:00,3,26,31,36,11,16,0,123
2024-03-20 18:20:00,13,23,24,35,14,25,0,134
2024-03-20 18:30:00,6,30,18,37,16,16,1,124
2024-03-20 18:40:00,16,30,27,39,18,24,0,154
2024-03-20 18:50:00,14,24,27,26,16,21,6,134
2024-03-20 19:00:00,20,22,28,20,11,27,3,131
2024-03-20 19:10:00,23,23,26,33,16,27,1,149
2024-03-20 19:20:00,12,34,33,29,21,21,0,150
2024-03-20 19:30:00,9,25,24,27,16,19,2,122
2024-03-20 19:40:00,13,26,20,24,13,21,1,118
2024-03-20 19:50:00,20,14,24,36,14,13,1,122
2024-03-20 20:00:00,25,26,23,25,8,13,0,120
2024-03-20 20:10:00,21,23,23,25,16,16,0,124
2024-03-20 20:20:00,22,15,15,32,13,16,0,113
2024-03-20 20:30:00,22,17,29,33,12,12,0,125
2024-03-20 20:40:00,16,22,20,25,11,13,0,107
2024-03-20 20:50:00,16,18,19,18,16,17,1,105
2024-03-20 21:00:00,26,21,23,33,3,12,1,119
2024-03-20 21:10:00,16,20,22,21,8,8,0,95
2024-03-20 21:20:00,23,11,16,26,9,13,1,99
2024-03-20 21:30:00,21,22,22,24,14,12,0,115
2024-03-20 21:40:00,20,10,11,24,14,16,0,95
2024-03-20 21:50:00,19,15,12,17,14,17,0,94
2024-03-20 22:00:00,12,13,15,26,8,12,1,87
2024-03-20 22:10:00,16,11,16,31,8,14,0,96
2024-03-20 22:20:00,7,13,13,29,14,13,0,89
2024-03-20 22:30:00,16,13,16,23,10,11,1,90
2024-03-20 22:40:00,11,16,9,16,9,13,0,74
2024-03-20 22:50:00,12,8,12,15,4,6,2,59
2024-03-20 23:00:00,8,11,12,7,2,6,0,46
2024-03-20 23:10:00,8,7,5,16,9,10,0,55
2024-03-20 23:20:00,7,6,10,13,3,10,0,49
2024-03-20 23:30:00,4,5,8,9,5,6,0,37
2024-03-20 23:40:00,4,2,7,9,1,2,0,25
2024-03-20 23:50:00,4,3,7,18,4,4,0,40
2024-03-21 00:00:00,6,2,5,6,1,4,0,24
2024-03-21 00:10:00,1,4,5,5,2,2,0,19
2024-03-21 00:20:00,4,4,2,3,1,2,0,16
2024-03-21 00:30:00,7,10,5,5,1,3,0,31
2024-03-21 00:40:00,2,3,4,5,0,1,0,15
2024-03-21 00:50:00,2,2,5,3,2,4,0,18
2024-03-21 01:00:00,2,3,5,3,1,3,0,17
2024-03-21 01:10:00,2,1,4,7,0,0,0,14
2024-03-21 01:20:00,4,3,2,9,0,1,0,19
2024-03-21 01:30:00,1,4,6,3,1,1,0,16
2024-03-21 01:40:00,0,2,1,5,0,0,0,8
2024-03-21 01:50:00,2,0,3,0,2,1,0,8
2024-03-21 02:00:00,3,2,7,3,0,0,0,15
2024-03-21 02:10:00,4,1,4,3,1,1,0,14
2024-03-21 02:20:00,0,0,4,3,0,0,0,7
2024-03-21 02:30:00,3,3,2,2,1,2,0,13
2024-03-21 02:40:00,0,0,1,4,0,0,0,5
2024-03-21 02:50:00,2,3,3,1,0,0,0,9
2024-03-21 03:00:00,2,4,1,2,1,2,0,12
2024-03-21 03:10:00,5,2,4,1,0,0,0,12
2024-03-21 03:20:00,1,2,3,0,0,0,0,6
2024-03-21 03:30:00,0,1,6,2,0,0,0,9
2024-03-21 03:40:00,0,1,2,4,2,2,0,11
2024-03-21 03:50:00,2,6,4,5,0,1,0,18
2024-03-21 04:00:00,1,7,2,2,3,3,0,18
2024-03-21 04:10:00,2,10,12,2,0,0,0,26
2024-03-21 04:20:00,0,10,7,3,1,2,0,23
2024-03-21 04:30:00,3,15,10,0,0,0,0,28
2024-03-21 04:40:00,1,19,17,1,2,1,0,41
2024-03-21 04:50:00,5,23,15,7,2,5,0,57
2024-03-21 05:00:00,4,25,20,6,1,5,0,61
2024-03-21 05:10:00,10,39,20,8,0,2,0,79
2024-03-21 05:20:00,11,42,31,11,3,8,0,106
2024-03-21 05:30:00,6,41,39,11,5,9,0,111
2024-03-21 05:40:00,11,54,42,6,3,5,0,121
2024-03-21 05:50:00,6,53,53,10,3,7,0,132
2024-03-21 06:00:00,15,42,46,15,5,8,0,131
2024-03-21 06:10:00,12,38,48,14,6,8,0,126
2024-03-21 06:20:00,16,29,31,13,6,11,1,107
2024-03-21 06:30:00,16,26,29,22,9,11,1,114
2024-03-21 06:40:00,15,53,39,20,5,9,0,141
2024-03-21 06:50:00,21,37,31,25,10,15,2,141
2024-03-21 07:00:00,20,28,22,28,8,11,1,118
2024-03-21 07:10:00,18,35,16,24,16,15,1,125
2024-03-21 07:20:00,29,30,15,28,8,14,6,130
2024-03-21 07:30:00,31,37,29,19,4,8,7,135
2024-03-21 07:40:00,28,25,22,26,10,17,4,132
2024-03-21 07:50:00,25,37,21,25,11,29,3,151
2024-03-21 08:00:00,12,27,19,26,18,29,1,132
2024-03-21 08:10:00,28,38,30,35,18,23,1,173
2024-03-21 08:20:00,33,28,23,32,17,24,2,159
2024-03-21 08:30:00,18,27,21,28,13,25,0,132
2024-03-21 08:40:00,33,31,19,22,16,21,1,143
2024-03-21 08:50:00,26,30,19,34,26,31,3,169
2024-03-21 09:00:00,11,31,19,21,8,17,2,109
2024-03-21 09:10:00,25,27,20,27,11,26,2,138
2024-03-21 09:20:00,28,41,34,23,16,25,0,167
2024-03-21 09:30:00,26,28,28,24,9,15,1,131
2024-03-21 09:40:00,29,25,22,24,20,22,2,144
2024-03-21 09:50:00,33,22,23,28,7,19,0,132
2024-03-21 10:00:00,34,19,12,23,16,25,1,130
2024-03-21 10:10:00,14,31,29,22,11,24,1,132
2024-03-21 10:20:00,34,21,27,25,20,24,0,151
2024-03-21 10:30:00,39,28,24,39,10,21,0,161
2024-03-21 10:40:00,43,22,16,28,17,24,0,150
2024-03-21 10:50:00,37,27,17,30,20,28,0,159
2024-03-21 11:00:00,39,21,25,28,13,21,0,147
2024-03-21 11:10:00,35,25,28,27,12,18,1,146
2024-03-21 11:20:00,36,22,30,42,19,28,1,178
2024-03-21 11:30:00,46,19,25,48,24,23,0,185
2024-03-21 11:40:00,33,15,40,25,15,18,0,146
2024-03-21 11:50:00,30,22,17,32,14,28,0,143
2024-03-21 12:00:00,32,13,16,39,23,24,0,147
2024-03-21 12:10:00,39,23,20,46,19,29,0,176
2024-03-21 12:20:00,26,26,18,46,16,22,0,154
2024-03-21 12:30:00,42,28,14,32,21,17,2,156
2024-03-21 12:40:00,42,21,19,38,16,25,0,161
2024-03-21 12:50:00,15,20,23,41,20,33,1,153
2024-03-21 13:00:00,42,19,19,33,18,20,1,152
2024-03-21 13:10:00,33,21,14,26,13,36,0,143
2024-03-21 13:20:00,10,19,14,33,22,25,0,123
2024-03-21 13:30:00,32,26,20,44,18,22,1,163
2024-03-21 13:40:00,27,22,23,49,15,24,1,161
2024-03-21 13:50:00,37,17,16,29,14,21,1,135
2024-03-21 14:00:00,37,22,18,49,17,24,0,167
2024-03-21 14:10:00,32,22,25,48,14,31,1,173
2024-03-21 14:20:00,20,20,23,39,17,20,2,141
2024-03-21 14:30:00,37,19,19,34,12,17,0,138
2024-03-21 14:40:00,44,24,18,32,18,22,1,159
2024-03-21 14:50:00,19,28,9,23,7,13,2,101
2024-03-21 15:00:00,15,24,26,24,9,28,1,127
2024-03-21 15:10:00,18,27,17,15,22,31,2,132
2024-03-21 15:20:00,8,30,36,31,10,30,1,146
2024-03-21 15:30:00,22,30,18,30,11,27,2,140
2024-03-21 15:40:00,10,33,16,28,14,24,3,128
2024-03-21 15:50:00,12,23,25,12,15,23,3,113
2024-03-21 16:00:00,19,28,16,13,17,14,0,107
2024-03-21 16:10:00,4,23,20,10,31,17,1,106
2024-03-21 16:20:00,11,18,29,12,10,30,1,111
2024-03-21 16:30:00,10,33,23,3,14,24,2,109
2024-03-21 16:40:00,12,26,18,11,19,30,2,118
2024-03-21 16:50:00,6,27,20,39,15,27,0,134
2024-03-21 17:00:00,6,27,21,26,22,27,3,132
2024-03-21 17:10:00,9,21,24,19,12,21,0,106
2024-03-21 17:20:00,1,23,22,47,18,30,0,141
2024-03-21 17:30:00,5,25,26,20,14,32,2,124
2024-03-21 17:40:00,3,24,23,61,17,30,1,159
2024-03-21 17:50:00,1,26,23,10,11,20,1,92
2024-03-21 18:00:00,2,33,39,13,19,22,1,129
2024-03-21 18:10:00,13,31,27,55,15,20,3,164
2024-03-21 18:20:00,9,23,19,23,19,26,1,120
2024-03-21 18:30:00,12,14,16,37,13,19,2,113
2024-03-21 18:40:00,15,25,19,32,13,21,5,130
2024-03-21 18:50:00,22,25,24,28,24,24,1,148
2024-03-21 19:00:00,25,25,26,32,17,26,1,152
2024-03-21 19:10:00,14,22,31,26,15,26,4,138
2024-03-21 19:20:00,26,19,21,27,19,20,1,133
2024-03-21 19:30:00,17,21,24,29,13,16,1,121
2024-03-21 19:40:00,17,29,27,25,16,16,1,131
2024-03-21 19:50:00,21,32,21,29,16,19,0,138
2024-03-21 20:00:00,33,26,27,18,16,14,1,135
2024-03-21 20:10:00,20,20,23,33,9,13,0,118
2024-03-21 20:20:00,27,16,21,23,13,13,2,115
2024-03-21 20:30:00,21,21,21,32,14,18,0,127
2024-03-21 20:40:00,21,22,21,29,18,21,1,133
2024-03-21 20:50:00,26,21,22,23,18,18,3,131
2024-03-21 21:00:00,15,25,30,26,15,14,1,126
2024-03-21 21:10:00,20,18,18,25,15,17,1,114
2024-03-21 21:20:00,23,14,18,21,9,13,0,98
2024-03-21 21:30:00,12,14,14,34,9,13,0,96
2024-03-21 21:40:00,24,10,14,25,12,12,0,97
2024-03-21 21:50:00,22,17,16,24,12,16,0,107
2024-03-21 22:00:00,19,17,15,34,7,16,1,109
2024-03-21 22:10:00,19,14,25,19,7,9,0,93
2024-03-21 22:20:00,11,14,17,23,6,11,0,82
2024-03-21 22:30:00,20,14,13,19,6,7,0,79
2024-03-21 22:40:00,13,20,16,19,12,8,1,89
2024-03-21 22:50:00,12,12,14,21,8,10,1,78
2024-03-21 23:00:00,10,11,11,24,7,8,0,71
2024-03-21 23:10:00,10,12,11,11,6,8,1,59
2024-03-21 23:20:00,5,4,9,9,5,6,0,38
2024-03-21 23:30:00,8,6,11,10,3,3,0,41
2024-03-21 23:40:00,8,9,6,6,1,2,0,32
2024-03-21 23:50:00,3,5,8,6,5,4,0,31
2024-03-22 00:00:00,7,1,8,5,3,4,0,28
2024-03-22 00:10:00,3,6,14,5,6,5,0,39
2024-03-22 00:20:00,3,3,2,8,6,4,0,26
2024-03-22 00:30:00,3,7,3,3,3,2,1,22
2024-03-22 00:40:00,2,4,4,4,0,2,0,16
2024-03-22 00:50:00,3,2,4,4,3,3,0,19
2024-03-22 01:00:00,0,4,3,4,0,0,0,11
2024-03-22 01:10:00,5,4,4,6,1,2,0,22
2024-03-22 01:20:00,0,1,2,3,1,2,0,9
2024-03-22 01:30:00,2,2,6,0,0,0,0,10
2024-03-22 01:40:00,2,1,5,1,0,0,0,9
2024-03-22 01:50:00,2,3,5,2,1,2,0,15
2024-03-22 02:00:00,2,1,4,2,2,1,0,12
2024-03-22 02:10:00,3,0,4,1,0,0,0,8
2024-03-22 02:20:00,1,2,3,1,1,2,0,10
2024-03-22 02:30:00,0,0,3,3,1,1,0,8
2024-03-22 02:40:00,2,2,6,4,2,1,0,17
2024-03-22 02:50:00,1,2,3,2,0,1,0,9
2024-03-22 03:00:00,1,3,2,0,0,0,0,6
2024-03-22 03:10:00,1,2,2,0,1,2,0,8
2024-03-22 03:20:00,2,3,3,1,1,1,0,11
2024-03-22 03:30:00,0,2,4,0,0,0,0,6
2024-03-22 03:40:00,1,3,4,4,1,2,0,15
2024-03-22 03:50:00,1,2,7,4,2,4,0,20
2024-03-22 04:00:00,1,4,4,2,1,4,0,16
2024-03-22 04:10:00,0,9,6,4,1,2,0,22
2024-03-22 04:20:00,2,7,13,3,1,1,0,27
2024-03-22 04:30:00,2,13,8,1,1,0,0,25
2024-03-22 04:40:00,5,12,14,2,1,1,0,35
2024-03-22 04:50:00,6,19,20,3,1,3,0,52
2024-03-22 05:00:00,9,34,18,4,3,4,0,72
2024-03-22 05:10:00,6,35,27,8,2,5,0,83
2024-03-22 05:20:00,7,39,36,9,2,3,0,96
2024-03-22 05:30:00,6,47,43,6,2,5,0,109
2024-03-22 05:40:00,5,43,46,7,2,6,0,109
2024-03-22 05:50:00,9,49,36,7,1,3,0,105
2024-03-22 06:00:00,7,40,33,10,9,6,1,106
2024-03-22 06:10:00,11,30,36,12,5,7,1,102
2024-03-22 06:20:00,22,41,46,13,3,5,1,131
2024-03-22 06:30:00,17,38,22,17,8,7,0,109
2024-03-22 06:40:00,24,41,33,19,6,7,0,130
2024-03-22 06:50:00,19,42,30,17,12,15,0,135
2024-03-22 07:00:00,20,42,40,30,13,12,0,157
2024-03-22 07:10:00,28,31,23,21,8,15,2,128
2024-03-22 07:20:00,21,33,30,29,6,12,6,137
2024-03-22 07:30:00,17,27,21,20,9,15,5,114
2024-03-22 07:40:00,27,38,26,27,13,21,3,155
2024-03-22 07:50:00,21,34,13,18,18,29,2,135
2024-03-22 08:00:00,22,29,28,31,22,37,0,169
2024-03-22 08:10:00,27,35,26,18,14,18,2,140
2024-03-22 08:20:00,31,31,34,26,18,29,4,173
2024-03-22 08:30:00,24,33,30,23,11,19,2,142
2024-03-22 08:40:00,33,23,26,30,15,20,4,151
2024-03-22 08:50:00,26,32,41,28,16,24,2,169
2024-03-22 09:00:00,27,39,35,18,9,16,0,144
2024-03-22 09:10:00,28,29,32,29,13,17,2,150
2024-03-22 09:20:00,30,27,38,20,13,17,1,146
2024-03-22 09:30:00,28,34,24,27,14,22,1,150
2024-03-22 09:40:00,32,30,24,29,19,25,1,160
2024-03-22 09:50:00,44,22,18,27,13,23,0,147
2024-03-22 10:00:00,30,26,17,34,21,28,0,156
2024-03-22 10:10:00,42,18,21,29,16,18,0,144
2024-03-22 10:20:00,31,23,13,18,19,17,0,121
2024-03-22 10:30:00,43,21,22,31,16,20,0,153
2024-03-22 10:40:00,41,18,21,34,16,20,0,150
2024-03-22 10:50:00,30,30,26,31,18,19,0,154
2024-03-22 11:00:00,37,22,22,23,9,19,1,133
2024-03-22 11:10:00,41,20,31,40,15,24,2,173
2024-03-22 11:20:00,22,13,14,35,11,18,0,113
2024-03-22 11:30:00,42,21,20,44,16,20,0,163
2024-03-22 11:40:00,22,23,27,51,17,21,1,162
2024-03-22 11:50:00,35,31,28,34,23,22,0,173
2024-03-22 12:00:00,40,26,30,37,19,30,0,182
2024-03-22 12:10:00,35,25,31,48,19,24,0,182
2024-03-22 12:20:00,30,19,28,47,10,16,0,150
2024-03-22 12:30:00,15,22,22,50,19,22,2,152
2024-03-22 12:40:00,11,25,26,35,19,22,2,140
2024-03-22 12:50:00,11,26,27,55,15,25,4,163
2024-03-22 13:00:00,11,29,20,37,21,30,4,152
2024-03-22 13:10:00,17,24,16,60,25,30,1,173
2024-03-22 13:20:00,10,24,19,48,18,25,1,145
2024-03-22 13:30:00,15,27,19,41,21,29,0,152
2024-03-22 13:40:00,32,20,19,44,23,35,10,183
2024-03-22 13:50:00,7,36,18,20,23,28,0,132
2024-03-22 14:00:00,8,29,25,59,17,20,1,159
2024-03-22 14:10:00,16,23,24,49,21,22,0,155
2024-03-22 14:20:00,5,33,20,34,15,20,1,128
2024-03-22 14:30:00,19,23,24,36,12,25,1,140
2024-03-22 14:40:00,10,22,17,17,16,24,2,108
2024-03-22 14:50:00,13,26,24,37,13,16,1,130
2024-03-22 15:00:00,6,22,19,14,16,28,0,105
2024-03-22 15:10:00,6,24,16,18,18,36,2,120
2024-03-22 15:20:00,3,20,23,17,20,18,3,104
2024-03-22 15:30:00,2,21,16,8,10,19,5,81
2024-03-22 15:40:00,0,30,16,22,22,32,1,123
2024-03-22 15:50:00,0,29,13,21,17,23,1,104
2024-03-22 16:00:00,1,33,23,11,17,23,1,109
2024-03-22 16:10:00,13,28,31,33,15,18,1,139
2024-03-22 16:20:00,11,22,19,7,22,25,1,107
2024-03-22 16:30:00,14,25,24,44,23,30,0,160
2024-03-22 16:40:00,6,25,20,52,7,18,0,128
2024-03-22 16:50:00,1,30,23,39,15,21,1,130
2024-03-22 17:00:00,5,26,16,31,10,19,5,112
2024-03-22 17:10:00,7,30,29,29,15,29,1,140
2024-03-22 17:20:00,13,19,26,28,14,30,0,130
2024-03-22 17:30:00,23,31,22,37,18,25,1,157
2024-03-22 17:40:00,31,22,29,49,14,18,0,163
2024-03-22 17:50:00,28,24,28,40,14,25,1,160
2024-03-22 18:00:00,27,21,17,55,14,21,0,155
2024-03-22 18:10:00,21,31,33,50,12,17,0,164
2024-03-22 18:20:00,13,27,24,45,17,28,1,155
2024-03-22 18:30:00,19,16,14,23,1,1,1,75
2024-03-22 18:40:00,15,13,10,17,9,7,0,71
2024-03-22 18:50:00,12,26,21,20,7,16,5,107
2024-03-22 19:00:00,14,33,28,30,17,22,0,144
2024-03-22 19:10:00,16,23,21,31,19,24,1,135
2024-03-22 19:20:00,11,29,30,23,12,21,2,128
2024-03-22 19:30:00,18,31,30,30,20,15,0,144
2024-03-22 19:40:00,20,30,33,24,12,20,2,141
2024-03-22 19:50:00,12,22,29,25,17,20,0,125
2024-03-22 20:00:00,24,33,20,32,12,12,1,134
2024-03-22 20:10:00,20,26,23,23,12,18,0,122
2024-03-22 20:20:00,15,28,28,33,6,18,0,128
2024-03-22 20:30:00,17,20,25,28,10,13,4,117
2024-03-22 20:40:00,25,21,27,28,8,12,0,121
2024-03-22 20:50:00,18,24,25,19,15,17,0,118
2024-03-22 21:00:00,25,22,28,21,14,15,0,125
2024-03-22 21:10:00,16,19,17,22,19,16,0,109
2024-03-22 21:20:00,25,25,31,17,6,10,0,114
2024-03-22 21:30:00,18,18,20,21,7,6,0,90
2024-03-22 21:40:00,19,10,23,24,10,10,0,96
2024-03-22 21:50:00,17,13,20,19,17,12,0,98
2024-03-22 22:00:00,16,14,17,28,8,11,1,95
2024-03-22 22:10:00,13,18,15,20,15,13,0,94
2024-03-22 22:20:00,17,15,18,25,13,11,0,99
2024-03-22 22:30:00,14,15,12,22,12,8,0,83
2024-03-22 22:40:00,8,13,17,24,5,8,0,75
2024-03-22 22:50:00,14,11,22,25,28,16,0,116
2024-03-22 23:00:00,8,9,18,16,8,6,0,65
2024-03-22 23:10:00,14,16,14,15,4,5,0,68
2024-03-22 23:20:00,9,11,15,17,3,5,0,60
2024-03-22 23:30:00,8,13,16,21,4,6,0,68
2024-03-22 23:40:00,11,6,14,19,8,10,0,68
2024-03-22 23:50:00,6,7,18,14,10,12,0,67
2024-03-23 00:00:00,5,5,10,26,6,6,0,58
2024-03-23 00:10:00,10,11,8,16,6,10,0,61
2024-03-23 00:20:00,7,9,12,13,4,5,0,50
2024-03-23 00:30:00,2,6,7,10,0,0,0,25
2024-03-23 00:40:00,13,7,7,17,4,8,0,56
2024-03-23 00:50:00,3,2,13,12,5,6,0,41
2024-03-23 01:00:00,6,7,6,10,1,6,1,37
2024-03-23 01:10:00,7,4,3,7,1,1,0,23
2024-03-23 01:20:00,7,4,4,14,5,4,0,38
2024-03-23 01:30:00,3,8,5,12,0,1,0,29
2024-03-23 01:40:00,2,10,5,10,0,1,0,28
2024-03-23 01:50:00,4,2,3,10,2,3,0,24
2024-03-23 02:00:00,6,2,7,8,1,3,0,27
2024-03-23 02:10:00,1,7,4,4,0,2,1,19
2024-03-23 02:20:00,4,4,6,12,6,6,0,38
2024-03-23 02:30:00,10,2,8,13,0,0,0,33
2024-03-23 02:40:00,3,5,3,7,0,0,0,18
2024-03-23 02:50:00,3,1,3,11,1,2,1,22
2024-03-23 03:00:00,1,4,5,9,1,2,0,22
2024-03-23 03:10:00,0,3,4,6,1,4,0,18
2024-03-23 03:20:00,2,2,2,9,4,6,0,25
2024-03-23 03:30:00,1,4,3,1,2,3,0,14
2024-03-23 03:40:00,3,4,5,7,1,6,0,26
2024-03-23 03:50:00,4,3,5,3,0,0,0,15
2024-03-23 04:00:00,3,4,6,4,0,1,0,18
2024-03-23 04:10:00,3,0,6,2,0,0,0,11
2024-03-23 04:20:00,2,6,9,5,3,4,0,29
2024-03-23 04:30:00,2,6,7,5,1,2,0,23
2024-03-23 04:40:00,1,12,7,1,1,0,0,22
2024-03-23 04:50:00,2,9,6,4,3,2,0,26
2024-03-23 05:00:00,0,14,11,5,2,6,0,38
2024-03-23 05:10:00,6,9,10,6,1,1,0,33
2024-03-23 05:20:00,7,14,13,7,2,3,0,46
2024-03-23 05:30:00,3,19,18,6,1,3,0,50
2024-03-23 05:40:00,6,26,23,7,2,5,0,69
2024-03-23 05:50:00,8,17,15,5,2,2,0,49
2024-03-23 06:00:00,8,10,12,6,0,0,0,36
2024-03-23 06:10:00,11,19,15,5,2,2,0,54
2024-03-23 06:20:00,8,13,17,9,2,4,0,53
2024-03-23 06:30:00,10,15,15,17,3,8,0,68
2024-03-23 06:40:00,15,14,18,13,4,7,0,71
2024-03-23 06:50:00,9,16,13,9,1,2,0,50
2024-03-23 07:00:00,8,14,14,14,5,5,0,60
2024-03-23 07:10:00,12,11,16,7,3,3,0,52
2024-03-23 07:20:00,14,20,20,10,4,7,0,75
2024-03-23 07:30:00,15,21,22,6,3,3,0,70
2024-03-23 07:40:00,20,22,24,13,2,3,1,85
2024-03-23 07:50:00,17,13,17,8,2,3,1,61
2024-03-23 08:00:00,26,21,22,12,6,8,0,95
2024-03-23 08:10:00,17,18,20,5,4,2,0,66
2024-03-23 08:20:00,26,13,24,12,6,6,0,87
2024-03-23 08:30:00,27,27,23,11,7,7,0,102
2024-03-23 08:40:00,33,25,24,27,9,11,1,130
2024-03-23 08:50:00,23,21,19,11,4,5,0,83
2024-03-23 09:00:00,32,32,30,13,6,8,0,121
2024-03-23 09:10:00,27,27,23,14,7,11,0,109
2024-03-23 09:20:00,27,31,31,26,6,9,0,130
2024-03-23 09:30:00,27,27,32,19,12,16,2,135
2024-03-23 09:40:00,30,33,27,14,10,12,0,126
2024-03-23 09:50:00,32,20,14,16,14,20,0,116
2024-03-23 10:00:00,36,32,12,26,16,19,1,142
2024-03-23 10:10:00,37,23,27,25,15,19,0,146
2024-03-23 10:20:00,26,27,24,21,9,12,1,120
2024-03-23 10:30:00,35,33,31,19,12,13,1,144
2024-03-23 10:40:00,33,19,31,26,8,13,0,130
2024-03-23 10:50:00,29,23,27,26,9,15,0,129
2024-03-23 11:00:00,45,23,29,26,11,15,0,149
2024-03-23 11:10:00,36,34,21,22,13,15,2,143
2024-03-23 11:20:00,39,28,24,30,15,18,0,154
2024-03-23 11:30:00,40,22,22,32,15,20,0,151
2024-03-23 11:40:00,32,27,31,42,7,16,1,156
2024-03-23 11:50:00,43,26,11,35,19,20,2,156
2024-03-23 12:00:00,40,20,24,39,10,14,0,147
2024-03-23 12:10:00,31,17,18,34,9,10,0,119
2024-03-23 12:20:00,39,22,7,33,15,13,0,129
2024-03-23 12:30:00,38,27,18,33,11,17,0,144
2024-03-23 12:40:00,28,20,31,28,13,12,0,132
2024-03-23 12:50:00,28,16,20,35,16,24,0,139
2024-03-23 13:00:00,29,25,24,25,17,20,0,140
2024-03-23 13:10:00,45,25,28,33,18,25,0,174
2024-03-23 13:20:00,37,24,17,33,13,15,0,139
2024-03-23 13:30:00,33,23,25,18,12,19,0,130
2024-03-23 13:40:00,40,20,20,26,17,18,0,141
2024-03-23 13:50:00,27,22,28,44,15,25,2,163
2024-03-23 14:00:00,35,28,26,44,21,29,0,183
2024-03-23 14:10:00,39,20,26,32,19,24,0,160
2024-03-23 14:20:00,8,16,16,30,12,17,0,99
2024-03-23 14:30:00,36,26,27,27,17,19,1,153
2024-03-23 14:40:00,29,23,17,31,7,15,0,122
2024-03-23 14:50:00,29,20,22,32,10,20,1,134
2024-03-23 15:00:00,36,11,27,27,14,19,1,135
2024-03-23 15:10:00,31,11,19,26,19,21,0,127
2024-03-23 15:20:00,39,26,30,29,11,21,1,157
2024-03-23 15:30:00,35,26,25,28,11,15,0,140
2024-03-23 15:40:00,38,25,23,36,8,16,0,146
2024-03-23 15:50:00,33,25,22,36,23,22,0,161
2024-03-23 16:00:00,41,18,20,29,13,18,0,139
2024-03-23 16:10:00,37,19,28,38,13,17,0,152
2024-03-23 16:20:00,34,21,22,45,15,22,0,159
2024-03-23 16:30:00,39,25,24,32,15,15,1,151
2024-03-23 16:40:00,42,23,29,32,20,23,0,169
2024-03-23 16:50:00,32,28,24,35,20,16,1,156
2024-03-23 17:00:00,31,22,21,27,21,27,1,150
2024-03-23 17:10:00,29,31,29,26,14,20,1,150
2024-03-23 17:20:00,45,26,27,27,16,21,1,163
2024-03-23 17:30:00,36,19,24,31,11,17,0,138
2024-03-23 17:40:00,29,28,35,45,12,12,0,161
2024-03-23 17:50:00,42,21,23,45,10,15,0,156
2024-03-23 18:00:00,43,26,16,40,11,15,0,151
2024-03-23 18:10:00,37,24,26,21,23,19,0,150
2024-03-23 18:20:00,27,23,22,37,21,21,1,152
2024-03-23 18:30:00,38,24,31,40,7,12,0,152
2024-03-23 18:40:00,36,41,24,34,14,22,1,172
2024-03-23 18:50:00,35,18,17,31,16,17,0,134
2024-03-23 19:00:00,26,23,22,23,16,17,3,130
2024-03-23 19:10:00,16,22,30,27,9,14,0,118
2024-03-23 19:20:00,19,29,28,31,15,19,0,141
2024-03-23 19:30:00,23,21,20,31,12,16,0,123
2024-03-23 19:40:00,26,35,29,27,11,19,0,147
2024-03-23 19:50:00,27,24,35,33,12,16,0,147
2024-03-23 20:00:00,23,29,31,29,14,19,2,147
2024-03-23 20:10:00,26,23,38,18,13,18,2,138
2024-03-23 20:20:00,22,16,26,16,9,9,1,99
2024-03-23 20:30:00,27,20,41,16,8,14,0,126
2024-03-23 20:40:00,24,23,22,17,6,7,0,99
2024-03-23 20:50:00,19,19,20,24,18,13,0,113
2024-03-23 21:00:00,19,19,24,19,5,8,0,94
2024-03-23 21:10:00,24,20,17,27,12,16,1,117
2024-03-23 21:20:00,18,21,20,20,3,8,0,90
2024-03-23 21:30:00,20,20,19,17,3,5,0,84
2024-03-23 21:40:00,20,14,18,19,9,5,1,86
2024-03-23 21:50:00,20,25,14,24,7,9,1,100
2024-03-23 22:00:00,7,16,22,22,3,4,0,74
2024-03-23 22:10:00,13,15,21,21,5,4,0,79
2024-03-23 22:20:00,16,15,25,20,7,8,0,91
2024-03-23 22:30:00,16,16,18,15,9,7,0,81
2024-03-23 22:40:00,8,16,27,20,9,10,0,90
2024-03-23 22:50:00,11,11,24,29,19,17,0,111
2024-03-23 23:00:00,17,9,21,20,6,4,0,77
2024-03-23 23:10:00,15,13,23,22,7,7,1,88
2024-03-23 23:20:00,20,17,12,17,8,7,0,81
2024-03-23 23:30:00,11,18,27,22,5,6,1,90
2024-03-23 23:40:00,12,12,19,20,3,8,0,74
2024-03-23 23:50:00,10,12,16,23,7,6,0,74
2024-03-24 00:00:00,11,10,19,20,3,6,0,69
2024-03-24 00:10:00,10,14,19,13,4,4,0,64
2024-03-24 00:20:00,14,6,15,12,3,6,0,56
2024-03-24 00:30:00,16,10,13,14,6,7,0,66
2024-03-24 00:40:00,15,4,10,13,4,2,0,48
2024-03-24 00:50:00,8,5,13,21,6,7,0,60
2024-03-24 01:00:00,15,7,7,20,4,3,0,56
2024-03-24 01:10:00,8,5,10,10,3,2,0,38
2024-03-24 01:20:00,9,7,9,18,3,3,0,49
2024-03-24 01:30:00,11,4,9,10,1,1,0,36
2024-03-24 01:40:00,11,5,6,8,2,1,0,33
2024-03-24 01:50:00,10,2,13,11,3,4,0,43
2024-03-24 02:00:00,10,8,9,14,2,2,0,45
2024-03-24 02:10:00,8,2,4,10,4,4,0,32
2024-03-24 02:20:00,3,4,8,10,1,1,0,27
2024-03-24 02:30:00,5,2,4,8,2,2,0,23
2024-03-24 02:40:00,3,2,6,7,2,2,0,22
2024-03-24 02:50:00,0,4,8,3,2,1,0,18
2024-03-24 03:00:00,1,1,5,8,2,3,0,20
2024-03-24 03:10:00,2,1,4,3,0,0,0,10
2024-03-24 03:20:00,1,3,3,6,1,2,0,16
2024-03-24 03:30:00,4,3,3,6,1,1,0,18
2024-03-24 03:40:00,1,4,4,2,0,0,0,11
2024-03-24 03:50:00,1,2,2,6,4,4,0,19
2024-03-24 04:00:00,1,4,7,4,0,0,0,16
2024-03-24 04:10:00,1,3,3,4,0,0,0,11
2024-03-24 04:20:00,1,4,3,4,1,1,0,14
2024-03-24 04:30:00,2,6,3,3,1,1,0,16
2024-03-24 04:40:00,2,9,6,4,1,4,0,26
2024-03-24 04:50:00,2,10,8,2,1,1,0,24
2024-03-24 05:00:00,0,10,10,1,0,0,0,21
2024-03-24 05:10:00,4,12,4,5,0,0,0,25
2024-03-24 05:20:00,3,7,13,4,0,0,0,27
2024-03-24 05:30:00,4,11,12,3,1,1,0,32
2024-03-24 05:40:00,2,10,14,2,2,4,0,34
2024-03-24 05:50:00,1,7,7,3,3,2,0,23
2024-03-24 06:00:00,8,11,9,5,1,3,0,37
2024-03-24 06:10:00,13,10,10,6,1,3,0,43
2024-03-24 06:20:00,5,6,8,12,1,2,0,34
2024-03-24 06:30:00,11,8,13,1,3,3,0,39
2024-03-24 06:40:00,9,5,5,11,2,1,0,33
2024-03-24 06:50:00,4,7,4,5,3,2,0,25
2024-03-24 07:00:00,8,2,3,7,4,4,0,28
2024-03-24 07:10:00,12,6,3,2,6,7,0,36
2024-03-24 07:20:00,10,6,5,6,2,3,0,32
2024-03-24 07:30:00,10,7,8,3,1,3,0,32
2024-03-24 07:40:00,7,14,15,5,1,1,0,43
2024-03-24 07:50:00,15,8,9,6,4,5,0,47
2024-03-24 08:00:00,11,6,15,1,5,3,0,41
2024-03-24 08:10:00,10,9,8,4,2,2,0,35
2024-03-24 08:20:00,10,10,9,10,11,14,0,64
2024-03-24 08:30:00,7,7,15,4,3,4,0,40
2024-03-24 08:40:00,16,11,18,6,2,2,0,55
2024-03-24 08:50:00,9,11,15,12,7,9,0,63
2024-03-24 09:00:00,15,14,20,6,3,3,0,61
2024-03-24 09:10:00,21,17,21,8,8,9,0,84
2024-03-24 09:20:00,26,20,24,4,7,7,0,88
2024-03-24 09:30:00,26,23,23,5,10,11,1,99
2024-03-24 09:40:00,36,27,18,10,17,19,1,128
2024-03-24 09:50:00,30,15,28,8,11,11,1,104
2024-03-24 10:00:00,29,21,22,15,18,16,0,121
2024-03-24 10:10:00,33,15,29,14,8,9,0,108
2024-03-24 10:20:00,31,23,17,15,13,14,0,113
2024-03-24 10:30:00,26,20,27,19,8,9,2,111
2024-03-24 10:40:00,34,29,26,15,10,8,0,122
2024-03-24 10:50:00,26,18,31,19,5,6,0,105
2024-03-24 11:00:00,37,19,23,14,12,12,1,118
2024-03-24 11:10:00,34,24,20,13,5,5,1,102
2024-03-24 11:20:00,32,22,21,19,11,12,1,118
2024-03-24 11:30:00,26,25,27,24,16,15,0,133
2024-03-24 11:40:00,29,17,29,20,16,25,1,137
2024-03-24 11:50:00,38,12,28,26,13,18,1,136
2024-03-24 12:00:00,33,23,17,22,9,10,0,114
2024-03-24 12:10:00,29,18,24,26,13,13,1,124
2024-03-24 12:20:00,44,30,26,17,13,11,0,141
2024-03-24 12:30:00,32,18,35,24,12,16,0,137
2024-03-24 12:40:00,42,24,26,28,17,16,0,153
2024-03-24 12:50:00,33,24,23,22,8,11,0,121
2024-03-24 13:00:00,36,24,19,22,14,17,1,133
2024-03-24 13:10:00,37,25,29,26,10,10,0,137
2024-03-24 13:20:00,37,28,26,30,12,17,0,150
2024-03-24 13:30:00,36,25,27,27,9,14,2,140
2024-03-24 13:40:00,41,15,20,20,11,14,1,122
2024-03-24 13:50:00,45,24,20,21,14,16,0,140
2024-03-24 14:00:00,36,24,20,30,19,19,0,148
2024-03-24 14:10:00,34,28,18,30,16,18,1,145
2024-03-24 14:20:00,39,29,32,26,11,18,1,156
2024-03-24 14:30:00,30,22,29,45,12,26,0,164
2024-03-24 14:40:00,36,22,20,31,22,27,2,160
2024-03-24 14:50:00,42,31,31,34,20,24,1,183
2024-03-24 15:00:00,22,19,27,31,24,30,1,154
2024-03-24 15:10:00,39,25,26,28,16,21,0,155
2024-03-24 15:20:00,29,24,26,20,16,22,2,139
2024-03-24 15:30:00,27,19,33,27,12,16,1,135
2024-03-24 15:40:00,38,23,20,31,20,19,1,152
2024-03-24 15:50:00,32,18,23,21,11,11,2,118
2024-03-24 16:00:00,38,35,25,24,10,12,0,144
2024-03-24 16:10:00,38,22,19,30,20,20,1,150
2024-03-24 16:20:00,40,23,24,33,13,18,3,154
2024-03-24 16:30:00,35,19,25,26,13,15,2,135
2024-03-24 16:40:00,31,31,27,20,24,22,0,155
2024-03-24 16:50:00,36,24,18,23,29,27,3,160
2024-03-24 17:00:00,34,20,23,28,28,19,1,153
2024-03-24 17:10:00,34,23,19,23,15,13,0,127
2024-03-24 17:20:00,26,27,20,38,9,14,1,135
2024-03-24 17:30:00,39,26,29,34,17,17,1,163
2024-03-24 17:40:00,23,28,27,45,9,17,0,149
2024-03-24 17:50:00,32,23,17,19,15,16,3,125
2024-03-24 18:00:00,34,28,21,8,2,0,0,93
2024-03-24 18:10:00,38,18,29,26,9,9,1,130
2024-03-24 18:20:00,37,25,36,28,6,9,0,141
2024-03-24 18:30:00,31,20,23,20,19,19,1,133
2024-03-24 18:40:00,25,20,30,24,10,9,0,118
2024-03-24 18:50:00,34,30,28,23,9,13,0,137
2024-03-24 19:00:00,26,23,27,28,12,14,0,130
2024-03-24 19:10:00,32,25,25,22,14,10,1,129
2024-03-24 19:20:00,18,25,27,31,18,20,2,141
2024-03-24 19:30:00,12,21,26,23,11,11,1,105
2024-03-24 19:40:00,15,29,28,22,21,17,0,132
2024-03-24 19:50:00,16,27,24,24,11,12,1,115
2024-03-24 20:00:00,15,24,21,21,12,15,0,108
2024-03-24 20:10:00,18,30,19,21,13,14,2,117
2024-03-24 20:20:00,15,21,25,21,9,11,0,102
2024-03-24 20:30:00,19,18,27,27,16,14,0,121
2024-03-24 20:40:00,14,23,20,11,9,9,0,86
2024-03-24 20:50:00,12,16,14,28,21,16,0,107
2024-03-24 21:00:00,10,18,18,22,14,17,0,99
2024-03-24 21:10:00,11,17,15,13,11,10,0,77
2024-03-24 21:20:00,12,16,10,20,8,11,0,77
2024-03-24 21:30:00,13,17,23,15,5,8,0,81
2024-03-24 21:40:00,18,6,25,20,7,6,0,82
2024-03-24 21:50:00,9,10,16,15,7,8,0,65
2024-03-24 22:00:00,6,11,24,14,5,5,0,65
2024-03-24 22:10:00,9,14,14,14,7,7,2,67
2024-03-24 22:20:00,12,11,7,19,5,7,1,62
2024-03-24 22:30:00,13,11,7,12,6,7,0,56
2024-03-24 22:40:00,16,6,11,12,1,2,1,49
2024-03-24 22:50:00,7,6,11,14,5,6,0,49
2024-03-24 23:00:00,7,8,8,13,1,2,0,39
2024-03-24 23:10:00,6,10,4,6,4,3,1,34
2024-03-24 23:20:00,7,6,14,10,3,3,0,43
2024-03-24 23:30:00,6,6,10,10,2,3,0,37
2024-03-24 23:40:00,7,10,4,7,0,1,0,29
2024-03-24 23:50:00,3,2,12,11,2,3,0,33
2024-03-25 00:00:00,3,4,5,8,1,3,0,24
2024-03-25 00:10:00,4,4,3,5,3,3,0,22
2024-03-25 00:20:00,6,3,3,8,1,2,0,23
2024-03-25 00:30:00,3,5,8,4,1,1,0,22
2024-03-25 00:40:00,0,10,4,4,0,1,0,19
2024-03-25 00:50:00,4,1,6,6,4,5,0,26
2024-03-25 01:00:00,4,0,3,8,0,3,0,18
2024-03-25 01:10:00,4,4,4,5,0,2,0,19
2024-03-25 01:20:00,1,3,2,4,2,3,0,15
2024-03-25 01:30:00,1,2,3,5,3,2,0,16
2024-03-25 01:40:00,2,0,2,1,0,1,0,6
2024-03-25 01:50:00,2,0,1,3,0,2,0,8
2024-03-25 02:00:00,2,3,6,3,0,0,0,14
2024-03-25 02:10:00,3,1,7,3,3,3,0,20
2024-03-25 02:20:00,1,7,2,2,0,0,0,12
2024-03-25 02:30:00,1,1,4,2,0,0,0,8
2024-03-25 02:40:00,0,3,4,4,1,2,0,14
2024-03-25 02:50:00,1,2,1,1,0,1,0,6
2024-03-25 03:00:00,1,1,0,5,1,2,0,10
2024-03-25 03:10:00,1,1,7,3,1,1,0,14
2024-03-25 03:20:00,0,3,4,3,0,2,0,12
2024-03-25 03:30:00,1,0,5,1,0,0,0,7
2024-03-25 03:40:00,1,5,5,4,0,2,0,17
2024-03-25 03:50:00,0,4,10,1,1,1,0,17
2024-03-25 04:00:00,4,5,3,4,1,4,0,21
2024-03-25 04:10:00,5,12,5,6,1,4,0,33
2024-03-25 04:20:00,2,8,11,2,0,1,0,24
2024-03-25 04:30:00,0,7,8,5,3,4,0,27
2024-03-25 04:40:00,3,19,8,4,1,2,0,37
2024-03-25 04:50:00,1,25,22,4,1,4,0,57
2024-03-25 05:00:00,4,21,12,7,4,8,0,56
2024-03-25 05:10:00,6,37,15,8,3,3,0,72
2024-03-25 05:20:00,6,36,38,4,1,2,0,87
2024-03-25 05:30:00,8,42,37,5,3,4,0,99
2024-03-25 05:40:00,11,52,56,5,1,4,0,129
2024-03-25 05:50:00,10,53,51,8,3,2,0,127
2024-03-25 06:00:00,9,39,29,10,3,4,0,94
2024-03-25 06:10:00,21,36,24,14,4,8,1,108
2024-03-25 06:20:00,18,48,43,13,5,9,1,137
2024-03-25 06:30:00,19,33,32,16,6,14,0,120
2024-03-25 06:40:00,26,49,42,24,13,16,0,170
2024-03-25 06:50:00,29,66,66,19,7,11,0,198
2024-03-25 07:00:00,19,56,45,18,7,12,1,158
2024-03-25 07:10:00,28,42,49,22,4,8,1,154
2024-03-25 07:20:00,23,33,30,33,12,17,0,148
2024-03-25 07:30:00,29,35,31,17,11,22,1,146
2024-03-25 07:40:00,19,34,25,28,14,24,0,144
2024-03-25 07:50:00,20,28,28,27,10,15,0,128
2024-03-25 08:00:00,29,25,26,29,11,16,2,138
2024-03-25 08:10:00,24,31,30,24,16,28,1,154
2024-03-25 08:20:00,27,37,28,18,21,29,0,160
2024-03-25 08:30:00,31,25,20,19,11,23,0,129
2024-03-25 08:40:00,20,38,35,31,15,16,2,157
2024-03-25 08:50:00,25,41,36,24,9,20,0,155
2024-03-25 09:00:00,22,26,10,20,14,18,0,110
2024-03-25 09:10:00,32,38,28,23,14,20,0,155
2024-03-25 09:20:00,36,39,29,27,14,14,1,160
2024-03-25 09:30:00,19,21,23,32,13,22,3,133
2024-03-25 09:40:00,31,32,28,42,15,25,1,174
2024-03-25 09:50:00,33,39,12,28,12,17,1,142
2024-03-25 10:00:00,41,28,18,22,13,15,1,138
2024-03-25 10:10:00,36,23,11,33,19,30,0,152
2024-03-25 10:20:00,33,29,2,27,9,15,1,116
2024-03-25 10:30:00,30,24,9,22,15,25,0,125
2024-03-25 10:40:00,35,23,18,39,14,14,0,143
2024-03-25 10:50:00,35,25,25,33,22,31,0,171
2024-03-25 11:00:00,38,25,23,31,16,27,0,160
2024-03-25 11:10:00,31,21,29,29,18,30,1,159
2024-03-25 11:20:00,41,27,24,41,16,23,0,172
2024-03-25 11:30:00,33,20,16,35,17,17,0,138
2024-03-25 11:40:00,36,22,18,49,12,11,1,149
2024-03-25 11:50:00,38,23,20,33,17,27,2,160
2024-03-25 12:00:00,33,21,21,31,15,17,0,138
2024-03-25 12:10:00,43,19,26,40,17,24,1,170
2024-03-25 12:20:00,39,25,19,33,23,28,0,167
2024-03-25 12:30:00,48,12,11,33,14,23,0,141
2024-03-25 12:40:00,26,22,19,27,16,21,0,131
2024-03-25 12:50:00,28,28,21,25,11,17,5,135
2024-03-25 13:00:00,46,29,25,34,13,20,1,168
2024-03-25 13:10:00,41,25,24,32,21,19,0,162
2024-03-25 13:20:00,46,33,25,36,10,22,0,172
2024-03-25 13:30:00,50,48,13,48,12,17,0,188
2024-03-25 13:40:00,63,47,26,41,17,23,0,217
2024-03-25 13:50:00,48,29,26,34,9,15,1,162
2024-03-25 14:00:00,46,28,27,35,17,23,0,176
2024-03-25 14:10:00,53,28,17,37,9,19,0,163
2024-03-25 14:20:00,53,24,32,40,7,26,2,184
2024-03-25 14:30:00,68,18,23,44,15,23,1,192
2024-03-25 14:40:00,59,23,28,32,13,25,0,180
2024-03-25 14:50:00,51,33,23,44,18,25,0,194
2024-03-25 15:00:00,35,38,23,38,11,20,1,166
2024-03-25 15:10:00,51,43,25,42,17,26,1,205
2024-03-25 15:20:00,47,43,42,36,18,28,1,215
2024-03-25 15:30:00,56,32,32,21,12,19,0,172
2024-03-25 15:40:00,48,34,40,31,14,23,0,190
2024-03-25 15:50:00,32,30,33,27,21,30,1,174
2024-03-25 16:00:00,50,44,27,33,16,28,0,198
2024-03-25 16:10:00,39,32,38,26,9,20,3,167
2024-03-25 16:20:00,37,30,39,21,20,32,2,181
2024-03-25 16:30:00,54,47,39,45,9,15,2,211
2024-03-25 16:40:00,50,30,28,27,18,32,6,191
2024-03-25 16:50:00,35,31,36,37,19,27,4,189
2024-03-25 17:00:00,32,26,23,11,12,24,7,135
2024-03-25 17:10:00,33,27,14,24,14,29,0,141
2024-03-25 17:20:00,29,35,19,20,17,23,0,143
2024-03-25 17:30:00,20,24,19,39,15,32,2,151
2024-03-25 17:40:00,15,23,20,41,16,13,3,131
2024-03-25 17:50:00,22,27,26,22,13,14,0,124
2024-03-25 18:00:00,38,24,29,12,4,5,4,116
2024-03-25 18:10:00,21,28,31,26,7,9,0,122
2024-03-25 18:20:00,15,25,20,35,20,30,3,148
2024-03-25 18:30:00,28,23,24,51,17,27,4,174
2024-03-25 18:40:00,26,31,30,28,12,21,2,150
2024-03-25 18:50:00,25,19,27,24,11,20,0,126
2024-03-25 19:00:00,19,28,26,26,17,13,2,131
2024-03-25 19:10:00,9,28,30,29,16,28,1,141
2024-03-25 19:20:00,23,23,32,24,14,15,2,133
2024-03-25 19:30:00,17,27,30,35,11,17,0,137
2024-03-25 19:40:00,21,28,25,25,20,19,0,138
2024-03-25 19:50:00,18,17,24,27,6,14,1,107
2024-03-25 20:00:00,24,23,27,31,13,11,1,130
2024-03-25 20:10:00,22,20,21,29,9,15,1,117
2024-03-25 20:20:00,21,28,21,20,12,15,0,117
2024-03-25 20:30:00,16,22,23,18,7,7,0,93
2024-03-25 20:40:00,10,22,28,21,7,13,0,101
2024-03-25 20:50:00,16,22,20,18,13,18,0,107
2024-03-25 21:00:00,13,22,14,21,6,9,2,87
2024-03-25 21:10:00,13,16,21,26,6,8,0,90
2024-03-25 21:20:00,22,14,15,26,13,15,0,105
2024-03-25 21:30:00,11,10,17,24,14,12,1,89
2024-03-25 21:40:00,22,9,24,9,11,10,0,85
2024-03-25 21:50:00,16,13,17,16,8,13,0,83
2024-03-25 22:00:00,20,14,14,20,7,10,0,85
2024-03-25 22:10:00,19,13,15,20,4,3,2,76
2024-03-25 22:20:00,18,8,12,21,6,11,0,76
2024-03-25 22:30:00,19,9,12,23,9,8,0,80
2024-03-25 22:40:00,11,8,13,20,7,9,0,68
2024-03-25 22:50:00,13,5,9,18,3,7,0,55
2024-03-25 23:00:00,8,9,8,20,8,12,0,65
2024-03-25 23:10:00,10,7,14,16,11,3,0,61
2024-03-25 23:20:00,7,4,9,14,7,7,0,48
2024-03-25 23:30:00,9,2,7,12,1,1,0,32
2024-03-25 23:40:00,6,4,5,7,4,4,0,30
2024-03-25 23:50:00,1,0,7,12,2,4,0,26
2024-03-26 00:00:00,4,5,7,10,4,6,0,36
2024-03-26 00:10:00,8,2,11,13,4,4,0,42
2024-03-26 00:20:00,2,3,9,5,2,3,0,24
2024-03-26 00:30:00,3,5,6,7,2,3,0,26
2024-03-26 00:40:00,4,5,3,5,3,2,0,22
2024-03-26 00:50:00,3,1,2,9,5,8,0,28
2024-03-26 01:00:00,3,1,5,3,0,0,0,12
2024-03-26 01:10:00,2,4,2,4,2,3,0,17
2024-03-26 01:20:00,4,1,4,4,3,2,0,18
2024-03-26 01:30:00,6,7,5,1,0,0,0,19
2024-03-26 01:40:00,2,2,5,2,1,2,0,14
2024-03-26 01:50:00,0,0,5,4,1,4,0,14
2024-03-26 02:00:00,0,1,6,2,1,2,0,12
2024-03-26 02:10:00,8,2,1,1,0,0,0,12
2024-03-26 02:20:00,2,4,3,0,0,0,0,9
2024-03-26 02:30:00,2,2,3,2,1,2,0,12
2024-03-26 02:40:00,2,3,3,2,1,1,0,12
2024-03-26 02:50:00,1,1,1,2,1,1,0,7
2024-03-26 03:00:00,1,2,5,1,0,0,0,9
2024-03-26 03:10:00,3,2,2,2,2,2,0,13
2024-03-26 03:20:00,3,2,0,5,2,4,0,16
2024-03-26 03:30:00,1,2,1,1,0,0,0,5
2024-03-26 03:40:00,2,2,4,2,0,1,0,11
2024-03-26 03:50:00,1,2,5,1,0,0,0,9
2024-03-26 04:00:00,3,3,5,0,0,0,0,11
2024-03-26 04:10:00,3,8,8,1,3,1,0,24
2024-03-26 04:20:00,4,8,8,4,0,1,0,25
2024-03-26 04:30:00,3,16,9,2,0,2,0,32
2024-03-26 04:40:00,1,17,9,5,2,3,0,37
2024-03-26 04:50:00,2,24,13,1,0,0,0,40
2024-03-26 05:00:00,3,31,21,5,3,8,0,71
2024-03-26 05:10:00,4,29,22,7,1,4,0,67
2024-03-26 05:20:00,9,44,27,12,3,6,0,101
2024-03-26 05:30:00,11,50,32,13,4,7,0,117
2024-03-26 05:40:00,4,41,43,8,3,5,0,104
2024-03-26 05:50:00,15,46,52,6,2,2,0,123
2024-03-26 06:00:00,12,28,34,8,2,3,0,87
2024-03-26 06:10:00,13,47,44,14,7,9,1,135
2024-03-26 06:20:00,21,56,36,14,10,11,1,149
2024-03-26 06:30:00,14,50,45,21,8,11,0,149
2024-03-26 06:40:00,22,49,42,19,5,12,1,150
2024-03-26 06:50:00,28,49,43,18,5,9,1,153
2024-03-26 07:00:00,19,36,32,29,11,18,1,146
2024-03-26 07:10:00,29,47,36,15,6,7,1,141
2024-03-26 07:20:00,28,43,32,20,9,16,1,149
2024-03-26 07:30:00,27,38,36,18,5,8,1,133
2024-03-26 07:40:00,26,41,34,19,17,15,0,152
2024-03-26 07:50:00,23,34,27,36,10,24,1,155
2024-03-26 08:00:00,26,42,32,31,10,19,1,161
2024-03-26 08:10:00,30,23,31,21,15,19,2,141
2024-03-26 08:20:00,23,27,30,21,11,18,0,130
2024-03-26 08:30:00,25,36,33,30,19,25,1,169
2024-03-26 08:40:00,19,39,25,20,15,29,2,149
2024-03-26 08:50:00,24,28,18,32,25,32,0,159
2024-03-26 09:00:00,18,32,24,29,12,16,0,131
2024-03-26 09:10:00,21,31,28,21,17,20,4,142
2024-03-26 09:20:00,24,29,17,33,17,21,0,141
2024-03-26 09:30:00,30,27,16,15,20,23,0,131
2024-03-26 09:40:00,37,23,7,26,14,21,1,129
2024-03-26 09:50:00,27,20,22,27,26,27,2,151
2024-03-26 10:00:00,35,20,22,20,18,15,1,131
2024-03-26 10:10:00,40,34,22,33,17,29,1,176
2024-03-26 10:20:00,23,32,28,30,16,27,0,156
2024-03-26 10:30:00,42,23,15,35,23,28,0,166
2024-03-26 10:40:00,32,35,19,34,14,19,1,154
2024-03-26 10:50:00,33,16,25,33,17,22,2,148
2024-03-26 11:00:00,28,26,16,36,16,25,2,149
2024-03-26 11:10:00,31,20,21,29,13,28,0,142
2024-03-26 11:20:00,33,23,20,34,13,16,2,141
2024-03-26 11:30:00,32,29,24,26,17,20,0,148
2024-03-26 11:40:00,35,22,25,35,11,24,0,152
2024-03-26 11:50:00,37,24,24,36,17,28,2,168
2024-03-26 12:00:00,32,28,32,29,12,15,0,148
2024-03-26 12:10:00,36,12,17,45,27,34,0,171
2024-03-26 12:20:00,28,29,33,41,13,15,2,161
2024-03-26 12:30:00,25,22,26,30,16,14,1,134
2024-03-26 12:40:00,29,25,20,45,18,22,0,159
2024-03-26 12:50:00,44,21,38,38,21,28,0,190
2024-03-26 13:00:00,42,15,24,43,11,23,0,158
2024-03-26 13:10:00,47,23,18,35,20,26,0,169
2024-03-26 13:20:00,36,30,17,34,11,21,1,150
2024-03-26 13:30:00,34,28,22,34,16,15,0,149
2024-03-26 13:40:00,27,13,18,32,18,30,0,138
2024-03-26 13:50:00,33,21,22,33,19,23,1,152
2024-03-26 14:00:00,27,16,25,45,21,18,0,152
2024-03-26 14:10:00,40,24,18,56,18,17,0,173
2024-03-26 14:20:00,12,30,27,32,17,19,0,137
2024-03-26 14:30:00,21,23,26,47,16,21,0,154
2024-03-26 14:40:00,24,31,34,42,5,19,2,157
2024-03-26 14:50:00,20,17,22,18,14,27,0,118
2024-03-26 15:00:00,23,21,25,41,13,21,1,145
2024-03-26 15:10:00,25,25,24,54,16,27,2,173
2024-03-26 15:20:00,9,30,18,16,13,15,1,102
2024-03-26 15:30:00,10,32,29,9,14,23,1,118
2024-03-26 15:40:00,9,18,16,32,14,23,1,113
2024-03-26 15:50:00,14,25,26,39,16,26,2,148
2024-03-26 16:00:00,16,23,26,32,14,33,0,144
2024-03-26 16:10:00,14,29,24,26,12,25,2,132
2024-03-26 16:20:00,18,34,23,29,14,22,2,142
2024-03-26 16:30:00,17,21,21,16,14,23,0,112
2024-03-26 16:40:00,15,29,29,10,14,26,1,124
2024-03-26 16:50:00,0,29,20,33,17,23,1,123
2024-03-26 17:00:00,2,25,28,32,18,24,1,130
2024-03-26 17:10:00,13,26,34,34,16,28,3,154
2024-03-26 17:20:00,10,23,27,19,12,31,0,122
2024-03-26 17:30:00,6,25,28,25,16,19,1,120
2024-03-26 17:40:00,10,22,25,48,13,21,1,140
2024-03-26 17:50:00,15,40,25,48,19,32,3,182
2024-03-26 18:00:00,20,27,25,48,18,25,0,163
2024-03-26 18:10:00,25,30,15,37,20,25,1,153
2024-03-26 18:20:00,17,20,24,42,12,17,1,133
2024-03-26 18:30:00,23,22,21,41,14,18,1,140
2024-03-26 18:40:00,20,29,35,46,11,15,2,158
2024-03-26 18:50:00,30,23,25,31,12,21,2,144
2024-03-26 19:00:00,17,25,31,36,21,22,0,152
2024-03-26 19:10:00,20,19,35,35,9,20,4,142
2024-03-26 19:20:00,24,22,27,31,20,19,1,144
2024-03-26 19:30:00,20,21,23,27,13,21,0,125
2024-03-26 19:40:00,23,24,25,25,15,14,0,126
2024-03-26 19:50:00,24,19,23,18,8,22,0,114
2024-03-26 20:00:00,17,19,18,24,9,12,0,99
2024-03-26 20:10:00,26,21,31,24,17,13,1,133
2024-03-26 20:20:00,23,22,23,22,13,9,0,112
2024-03-26 20:30:00,16,21,19,20,8,9,0,93
2024-03-26 20:40:00,16,22,23,20,9,20,1,111
2024-03-26 20:50:00,11,22,28,24,11,13,0,109
2024-03-26 21:00:00,18,28,18,19,7,10,1,101
2024-03-26 21:10:00,18,21,18,25,7,16,3,108
2024-03-26 21:20:00,14,23,23,14,6,9,1,90
2024-03-26 21:30:00,15,16,17,16,8,11,0,83
2024-03-26 21:40:00,18,11,12,13,4,8,0,66
2024-03-26 21:50:00,15,17,16,21,9,12,0,90
2024-03-26 22:00:00,12,13,19,18,6,11,0,79
2024-03-26 22:10:00,24,14,15,21,4,5,1,84
2024-03-26 22:20:00,11,11,17,20,6,13,0,78
2024-03-26 22:30:00,12,11,11,18,4,8,0,64
2024-03-26 22:40:00,16,16,11,16,3,6,0,68
2024-03-26 22:50:00,13,8,14,13,6,10,0,64
2024-03-26 23:00:00,13,8,7,11,4,6,0,49
2024-03-26 23:10:00,5,11,8,12,5,7,1,49
2024-03-26 23:20:00,2,4,9,12,5,8,0,40
2024-03-26 23:30:00,8,5,9,14,3,7,0,46
2024-03-26 23:40:00,6,3,7,8,4,5,0,33
2024-03-26 23:50:00,7,4,11,10,6,6,0,44
2024-03-27 00:00:00,4,3,13,13,2,1,0,36
2024-03-27 00:10:00,6,4,8,8,1,1,0,28
2024-03-27 00:20:00,3,3,4,9,2,3,0,24
2024-03-27 00:30:00,2,8,5,7,2,2,0,26
2024-03-27 00:40:00,4,6,1,6,2,2,0,21
2024-03-27 00:50:00,2,4,4,6,6,5,0,27
2024-03-27 01:00:00,1,4,3,4,1,3,0,16
2024-03-27 01:10:00,2,5,3,1,0,0,0,11
2024-03-27 01:20:00,1,1,6,1,1,1,0,11
2024-03-27 01:30:00,0,5,5,2,2,2,0,16
2024-03-27 01:40:00,1,4,0,5,4,4,0,18
2024-03-27 01:50:00,3,0,2,2,1,2,0,10
2024-03-27 02:00:00,0,1,4,3,0,0,0,8
2024-03-27 02:10:00,6,3,5,1,1,2,0,18
2024-03-27 02:20:00,2,2,5,4,0,2,0,15
2024-03-27 02:30:00,1,2,2,3,1,1,0,10
2024-03-27 02:40:00,0,6,5,3,1,1,0,16
2024-03-27 02:50:00,3,2,3,3,0,1,0,12
2024-03-27 03:00:00,4,2,6,3,0,3,0,18
2024-03-27 03:10:00,3,5,0,0,0,0,0,8
2024-03-27 03:20:00,2,2,2,0,0,0,0,6
2024-03-27 03:30:00,2,0,3,2,1,1,0,9
2024-03-27 03:40:00,1,2,2,4,0,1,0,10
2024-03-27 03:50:00,3,2,5,4,1,1,0,16
2024-03-27 04:00:00,4,2,2,3,0,2,0,13
2024-03-27 04:10:00,1,10,4,2,1,3,0,21
2024-03-27 04:20:00,1,6,11,6,1,3,0,28
2024-03-27 04:30:00,0,8,8,3,1,5,0,25
2024-03-27 04:40:00,4,20,10,6,2,1,0,43
2024-03-27 04:50:00,4,27,19,4,2,3,0,59
2024-03-27 05:00:00,3,28,17,6,1,4,0,59
2024-03-27 05:10:00,1,24,26,7,1,3,0,62
2024-03-27 05:20:00,6,30,32,8,6,5,0,87
2024-03-27 05:30:00,11,48,42,9,4,7,0,121
2024-03-27 05:40:00,8,47,43,8,1,1,0,108
2024-03-27 05:50:00,6,49,42,4,1,2,0,104
2024-03-27 06:00:00,6,40,41,13,3,8,0,111
2024-03-27 06:10:00,20,42,35,14,7,11,0,129
2024-03-27 06:20:00,23,51,37,25,5,11,0,152
2024-03-27 06:30:00,25,43,35,13,2,10,1,129
2024-03-27 06:40:00,19,48,38,25,6,8,0,144
2024-03-27 06:50:00,20,47,32,29,14,26,0,168
2024-03-27 07:00:00,21,44,36,20,11,16,1,149
2024-03-27 07:10:00,27,37,29,21,9,12,1,136
2024-03-27 07:20:00,30,37,31,17,12,16,0,143
2024-03-27 07:30:00,7,32,29,30,11,20,0,129
2024-03-27 07:40:00,37,38,32,36,14,19,0,176
2024-03-27 07:50:00,29,31,29,28,14,21,0,152
2024-03-27 08:00:00,23,37,28,14,9,19,0,130
2024-03-27 08:10:00,24,35,31,21,9,12,4,136
2024-03-27 08:20:00,28,22,33,22,18,26,0,149
2024-03-27 08:30:00,21,34,35,18,20,24,1,153
2024-03-27 08:40:00,21,34,26,24,14,18,1,138
2024-03-27 08:50:00,23,30,42,27,16,28,2,168
2024-03-27 09:00:00,20,42,30,26,10,11,0,139
2024-03-27 09:10:00,17,36,22,22,11,14,3,125
2024-03-27 09:20:00,23,36,38,31,13,26,0,167
2024-03-27 09:30:00,23,26,23,21,8,16,0,117
2024-03-27 09:40:00,29,29,14,25,14,24,2,137
2024-03-27 09:50:00,29,30,5,30,16,23,0,133
2024-03-27 10:00:00,29,16,15,33,18,24,2,137
2024-03-27 10:10:00,28,20,23,26,13,15,0,125
2024-03-27 10:20:00,36,33,13,29,19,26,0,156
2024-03-27 10:30:00,40,22,13,31,25,21,1,153
2024-03-27 10:40:00,31,18,13,37,8,14,1,122
2024-03-27 10:50:00,29,19,21,38,19,20,1,147
2024-03-27 11:00:00,47,26,21,42,15,26,0,177
2024-03-27 11:10:00,33,20,23,31,15,17,2,141
2024-03-27 11:20:00,12,31,20,40,12,20,0,135
2024-03-27 11:30:00,45,22,26,35,12,16,1,157
2024-03-27 11:40:00,26,23,24,43,23,23,1,163
2024-03-27 11:50:00,40,21,14,38,26,27,0,166
2024-03-27 12:00:00,42,26,24,32,17,25,0,166
2024-03-27 12:10:00,19,19,21,32,19,17,0,127
2024-03-27 12:20:00,18,26,22,45,23,25,0,159
2024-03-27 12:30:00,38,33,24,46,18,24,1,184
2024-03-27 12:40:00,37,13,16,32,27,24,0,149
2024-03-27 12:50:00,12,24,20,30,20,19,0,125
2024-03-27 13:00:00,46,19,12,50,17,23,1,168
2024-03-27 13:10:00,21,18,19,48,10,24,2,142
2024-03-27 13:20:00,23,26,21,47,17,25,1,160
2024-03-27 13:30:00,39,22,21,44,10,17,3,156
2024-03-27 13:40:00,43,14,28,44,17,19,0,165
2024-03-27 13:50:00,31,21,21,35,16,18,0,142
2024-03-27 14:00:00,42,26,29,48,15,20,0,180
2024-03-27 14:10:00,30,23,20,49,23,27,0,172
2024-03-27 14:20:00,27,12,18,40,18,29,0,144
2024-03-27 14:30:00,35,19,20,34,11,11,0,130
2024-03-27 14:40:00,10,17,11,44,14,21,1,118
2024-03-27 14:50:00,14,25,20,15,22,26,0,122
2024-03-27 15:00:00,22,33,23,42,17,27,0,164
2024-03-27 15:10:00,14,30,18,55,11,20,1,149
2024-03-27 15:20:00,7,23,31,23,12,20,1,117
2024-03-27 15:30:00,17,26,22,42,19,39,1,166
2024-03-27 15:40:00,21,28,44,71,10,23,0,197
2024-03-27 15:50:00,5,33,18,15,21,24,1,117
2024-03-27 16:00:00,13,31,20,37,19,31,1,152
2024-03-27 16:10:00,4,33,21,21,14,17,1,111
2024-03-27 16:20:00,4,29,22,8,20,23,2,108
2024-03-27 16:30:00,10,28,28,31,16,19,2,134
2024-03-27 16:40:00,8,30,18,28,14,21,3,122
2024-03-27 16:50:00,12,22,17,17,15,21,0,104
2024-03-27 17:00:00,11,19,19,3,11,22,2,87
2024-03-27 17:10:00,8,28,21,34,1,19,0,111
2024-03-27 17:20:00,3,22,21,23,12,16,0,97
2024-03-27 17:30:00,0,23,14,24,10,15,1,87
2024-03-27 17:40:00,1,23,18,19,13,25,0,99
2024-03-27 17:50:00,0,26,17,30,15,24,0,112
2024-03-27 18:00:00,1,25,15,26,10,25,1,103
2024-03-27 18:10:00,11,24,15,29,8,15,0,102
2024-03-27 18:20:00,2,24,17,23,12,25,1,104
2024-03-27 18:30:00,1,22,27,26,13,16,2,107
2024-03-27 18:40:00,2,19,15,32,14,24,0,106
2024-03-27 18:50:00,4,26,20,29,16,19,0,114
2024-03-27 19:00:00,3,22,17,28,13,20,1,104
2024-03-27 19:10:00,24,20,22,29,18,24,0,137
2024-03-27 19:20:00,25,18,22,33,21,25,1,145
2024-03-27 19:30:00,23,25,20,22,18,13,2,123
2024-03-27 19:40:00,13,17,23,31,14,20,0,118
2024-03-27 19:50:00,20,18,25,34,16,26,2,141
2024-03-27 20:00:00,21,23,17,37,14,19,0,131
2024-03-27 20:10:00,21,29,26,26,7,10,0,119
2024-03-27 20:20:00,19,25,22,29,18,16,0,129
2024-03-27 20:30:00,20,19,25,23,9,7,0,103
2024-03-27 20:40:00,24,24,21,19,9,12,0,109
2024-03-27 20:50:00,28,20,17,21,10,10,0,106
2024-03-27 21:00:00,17,15,12,21,10,9,0,84
2024-03-27 21:10:00,22,22,17,19,12,10,0,102
2024-03-27 21:20:00,19,14,15,27,12,14,0,101
2024-03-27 21:30:00,29,13,18,28,9,11,0,108
2024-03-27 21:40:00,17,25,16,24,8,14,1,105
2024-03-27 21:50:00,18,10,17,25,7,11,0,88
2024-03-27 22:00:00,20,11,12,24,9,8,0,84
2024-03-27 22:10:00,22,14,13,29,8,8,0,94
2024-03-27 22:20:00,14,17,15,15,7,13,0,81
2024-03-27 22:30:00,14,5,8,20,2,3,0,52
2024-03-27 22:40:00,13,12,8,15,1,1,0,50
2024-03-27 22:50:00,9,11,11,12,4,6,0,53
2024-03-27 23:00:00,10,10,9,15,4,4,0,52
2024-03-27 23:10:00,8,11,14,11,11,9,0,64
2024-03-27 23:20:00,7,14,10,16,2,8,0,57
2024-03-27 23:30:00,7,7,8,10,2,2,0,36
2024-03-27 23:40:00,9,6,7,12,2,2,0,38
2024-03-27 23:50:00,5,3,6,13,4,3,0,34
2024-03-28 00:00:00,6,8,11,5,2,4,0,36
2024-03-28 00:10:00,4,5,3,6,0,0,0,18
2024-03-28 00:20:00,2,7,10,8,4,4,0,35
2024-03-28 00:30:00,5,4,5,5,0,0,1,20
2024-03-28 00:40:00,3,7,8,5,3,2,0,28
2024-03-28 00:50:00,1,3,3,8,1,3,0,19
2024-03-28 01:00:00,0,3,3,12,0,2,0,20
2024-03-28 01:10:00,5,2,4,4,1,1,0,17
2024-03-28 01:20:00,3,5,3,4,0,0,0,15
2024-03-28 01:30:00,2,2,5,3,1,2,0,15
2024-03-28 01:40:00,4,0,3,4,1,1,0,13
2024-03-28 01:50:00,3,3,1,1,2,4,0,14
2024-03-28 02:00:00,1,2,3,4,0,0,0,10
2024-03-28 02:10:00,1,1,3,2,0,0,0,7
2024-03-28 02:20:00,2,2,2,6,2,1,0,15
2024-03-28 02:30:00,2,4,1,1,0,0,0,8
2024-03-28 02:40:00,1,3,3,7,2,3,0,19
2024-03-28 02:50:00,2,4,4,6,1,2,0,19
2024-03-28 03:00:00,3,2,1,0,0,0,0,6
2024-03-28 03:10:00,4,2,4,2,0,0,0,12
2024-03-28 03:20:00,1,0,1,4,0,2,0,8
2024-03-28 03:30:00,2,1,3,3,0,0,0,9
2024-03-28 03:40:00,1,3,2,5,1,3,0,15
2024-03-28 03:50:00,3,2,3,4,0,2,0,14
2024-03-28 04:00:00,3,4,4,2,0,0,0,13
2024-03-28 04:10:00,1,9,4,0,0,0,0,14
2024-03-28 04:20:00,2,7,7,3,1,3,0,23
2024-03-28 04:30:00,2,14,6,7,0,3,0,32
2024-03-28 04:40:00,2,16,10,4,2,1,0,35
2024-03-28 04:50:00,5,18,20,5,2,2,0,52
2024-03-28 05:00:00,1,26,18,2,1,2,0,50
2024-03-28 05:10:00,3,35,21,5,2,5,0,71
2024-03-28 05:20:00,6,40,36,10,4,8,0,104
2024-03-28 05:30:00,11,43,38,7,2,4,0,105
2024-03-28 05:40:00,5,56,37,6,0,2,0,106
2024-03-28 05:50:00,10,45,45,7,1,1,0,109
2024-03-28 06:00:00,14,33,30,13,1,5,0,96
2024-03-28 06:10:00,21,36,33,16,9,13,0,128
2024-03-28 06:20:00,22,54,43,23,11,16,0,169
2024-03-28 06:30:00,22,43,49,22,4,9,0,149
2024-03-28 06:40:00,29,67,52,19,8,8,0,183
2024-03-28 06:50:00,20,64,67,28,10,16,0,205
2024-03-28 07:00:00,18,32,50,27,13,18,1,159
2024-03-28 07:10:00,24,38,41,23,5,14,1,146
2024-03-28 07:20:00,22,37,39,24,11,14,0,147
2024-03-28 07:30:00,21,37,29,20,15,20,0,142
2024-03-28 07:40:00,23,40,21,20,13,15,0,132
2024-03-28 07:50:00,30,33,29,26,11,19,0,148
2024-03-28 08:00:00,18,23,37,27,13,18,1,137
2024-03-28 08:10:00,16,31,37,22,15,23,0,144
2024-03-28 08:20:00,22,34,32,23,16,24,1,152
2024-03-28 08:30:00,28,30,16,23,6,9,0,112
2024-03-28 08:40:00,30,33,28,22,11,18,0,142
2024-03-28 08:50:00,23,28,26,24,17,23,0,141
2024-03-28 09:00:00,27,26,16,20,16,19,0,124
2024-03-28 09:10:00,29,33,34,29,7,18,1,151
2024-03-28 09:20:00,21,32,29,21,18,25,1,147
2024-03-28 09:30:00,34,22,13,24,6,10,0,109
2024-03-28 09:40:00,28,22,20,20,11,15,0,116
2024-03-28 09:50:00,34,18,14,23,12,24,0,125
2024-03-28 10:00:00,27,24,17,28,12,17,0,125
2024-03-28 10:10:00,26,28,22,33,16,24,0,149
2024-03-28 10:20:00,28,26,17,29,11,21,0,132
2024-03-28 10:30:00,40,23,10,34,14,18,0,139
2024-03-28 10:40:00,32,24,15,28,21,26,1,147
2024-03-28 10:50:00,30,26,18,33,21,25,1,154
2024-03-28 11:00:00,37,18,8,30,14,21,0,128
2024-03-28 11:10:00,42,16,16,31,13,22,1,141
2024-03-28 11:20:00,32,19,18,37,15,20,0,141
2024-03-28 11:30:00,35,26,21,31,14,16,0,143
2024-03-28 11:40:00,31,28,23,41,15,21,2,161
2024-03-28 11:50:00,30,18,17,37,14,21,0,137
2024-03-28 12:00:00,31,26,22,41,23,24,0,167
2024-03-28 12:10:00,36,22,14,36,28,27,0,163
2024-03-28 12:20:00,34,23,24,46,13,57,1,198
2024-03-28 12:30:00,38,20,20,40,15,21,0,154
2024-03-28 12:40:00,39,35,24,38,13,24,0,173
2024-03-28 12:50:00,41,29,30,42,19,22,0,183
2024-03-28 13:00:00,33,24,21,50,16,23,0,167
2024-03-28 13:10:00,29,18,24,40,17,33,1,162
2024-03-28 13:20:00,13,24,17,29,20,25,0,128
2024-03-28 13:30:00,21,27,22,46,15,17,1,149
2024-03-28 13:40:00,35,26,16,42,12,19,0,150
2024-03-28 13:50:00,34,21,17,31,17,29,0,149
2024-03-28 14:00:00,15,28,30,38,12,25,0,148
2024-03-28 14:10:00,13,25,28,33,15,19,0,133
2024-03-28 14:20:00,10,24,21,29,20,24,1,129
2024-03-28 14:30:00,17,29,27,19,16,14,0,122
2024-03-28 14:40:00,5,23,17,15,15,36,0,111
2024-03-28 14:50:00,13,25,24,22,21,22,1,128
2024-03-28 15:00:00,26,24,20,46,16,25,1,158
2024-03-28 15:10:00,28,38,29,37,10,23,1,166
2024-03-28 15:20:00,10,27,16,19,15,30,2,119
2024-03-28 15:30:00,16,29,21,23,18,33,1,141
2024-03-28 15:40:00,16,25,19,36,18,26,0,140
2024-03-28 15:50:00,5,24,25,36,18,17,0,125
2024-03-28 16:00:00,0,22,18,52,17,31,0,140
2024-03-28 16:10:00,2,30,21,25,13,26,2,119
2024-03-28 16:20:00,3,22,24,11,11,24,0,95
2024-03-28 16:30:00,17,19,23,46,20,29,2,156
2024-03-28 16:40:00,13,23,22,51,16,26,1,152
2024-03-28 16:50:00,9,27,19,37,20,28,1,141
2024-03-28 17:00:00,12,37,22,27,17,28,1,144
2024-03-28 17:10:00,15,17,27,15,17,35,0,126
2024-03-28 17:20:00,4,23,20,21,15,34,1,118
2024-03-28 17:30:00,5,30,21,47,14,27,5,149
2024-03-28 17:40:00,8,25,22,44,15,28,1,143
2024-03-28 17:50:00,7,24,17,47,3,32,1,131
2024-03-28 18:00:00,3,16,22,32,19,22,2,116
2024-03-28 18:10:00,7,29,30,53,8,10,0,137
2024-03-28 18:20:00,19,35,27,43,14,22,0,160
2024-03-28 18:30:00,21,24,28,40,12,14,0,139
2024-03-28 18:40:00,26,25,28,49,13,19,1,161
2024-03-28 18:50:00,14,27,24,30,18,24,0,137
2024-03-28 19:00:00,26,18,29,30,15,26,3,147
2024-03-28 19:10:00,19,21,20,31,12,16,0,119
2024-03-28 19:20:00,26,23,32,26,18,22,0,147
2024-03-28 19:30:00,18,22,34,21,7,11,0,113
2024-03-28 19:40:00,18,21,30,21,15,26,0,131
2024-03-28 19:50:00,19,24,28,42,18,30,1,162
2024-03-28 20:00:00,18,28,18,26,12,20,0,122
2024-03-28 20:10:00,29,27,26,23,12,18,0,135
2024-03-28 20:20:00,17,20,23,34,8,11,0,113
2024-03-28 20:30:00,15,30,25,21,13,15,0,119
2024-03-28 20:40:00,22,24,22,28,13,17,0,126
2024-03-28 20:50:00,13,21,22,24,17,12,0,109
2024-03-28 21:00:00,25,20,30,32,6,9,1,123
2024-03-28 21:10:00,24,15,19,28,7,11,0,104
2024-03-28 21:20:00,22,21,17,29,12,9,0,110
2024-03-28 21:30:00,24,19,18,24,13,16,1,115
2024-03-28 21:40:00,30,17,21,22,7,10,0,107
2024-03-28 21:50:00,18,16,20,25,8,10,0,97
2024-03-28 22:00:00,10,16,18,25,2,3,0,74
2024-03-28 22:10:00,15,18,24,24,7,8,1,97
2024-03-28 22:20:00,20,14,22,19,16,11,0,102
2024-03-28 22:30:00,19,9,20,21,11,11,1,92
2024-03-28 22:40:00,13,13,17,19,7,8,0,77
2024-03-28 22:50:00,8,8,17,19,10,10,0,72
2024-03-28 23:00:00,22,11,10,13,8,10,0,74
2024-03-28 23:10:00,10,9,14,18,4,7,0,62
2024-03-28 23:20:00,2,11,14,16,5,9,1,58
2024-03-28 23:30:00,6,7,11,18,3,5,0,50
2024-03-28 23:40:00,9,11,8,12,3,4,0,47
2024-03-28 23:50:00,8,7,9,14,5,7,1,51
2024-03-29 00:00:00,6,5,10,11,1,2,0,35
2024-03-29 00:10:00,7,9,7,12,6,7,0,48
2024-03-29 00:20:00,6,6,14,13,5,7,0,51
2024-03-29 00:30:00,10,5,3,8,5,5,0,36
2024-03-29 00:40:00,2,9,11,9,1,2,0,34
2024-03-29 00:50:00,5,6,9,9,6,6,0,41
2024-03-29 01:00:00,9,2,5,15,1,3,0,35
2024-03-29 01:10:00,4,3,4,7,4,5,0,27
2024-03-29 01:20:00,2,2,2,7,3,7,0,23
2024-03-29 01:30:00,2,1,7,6,3,5,0,24
2024-03-29 01:40:00,4,2,8,7,1,2,0,24
2024-03-29 01:50:00,3,3,6,11,2,4,0,29
2024-03-29 02:00:00,3,3,6,8,2,5,0,27
2024-03-29 02:10:00,3,3,5,8,0,0,0,19
2024-03-29 02:20:00,3,7,4,6,1,1,0,22
2024-03-29 02:30:00,2,0,4,7,0,0,0,13
2024-03-29 02:40:00,3,1,2,2,2,3,0,13
2024-03-29 02:50:00,3,3,3,5,2,3,0,19
2024-03-29 03:00:00,0,1,3,3,1,1,0,9
2024-03-29 03:10:00,2,1,3,4,1,2,0,13
2024-03-29 03:20:00,2,1,5,6,2,4,0,20
2024-03-29 03:30:00,2,0,5,9,1,1,0,18
2024-03-29 03:40:00,3,2,5,4,2,2,0,18
2024-03-29 03:50:00,3,2,4,6,2,4,0,21
2024-03-29 04:00:00,1,5,4,6,1,2,0,19
2024-03-29 04:10:00,2,2,6,5,1,2,0,18
2024-03-29 04:20:00,1,5,6,3,1,4,0,20
2024-03-29 04:30:00,1,14,5,4,0,2,0,26
2024-03-29 04:40:00,2,10,3,4,1,4,1,25
2024-03-29 04:50:00,2,10,9,5,4,3,0,33
2024-03-29 05:00:00,3,21,9,2,0,1,0,36
2024-03-29 05:10:00,6,10,10,5,0,0,0,31
2024-03-29 05:20:00,4,14,13,4,2,1,0,38
2024-03-29 05:30:00,8,13,21,4,3,3,0,52
2024-03-29 05:40:00,12,11,15,4,0,0,0,42
2024-03-29 05:50:00,6,14,10,7,2,1,0,40
2024-03-29 06:00:00,7,6,5,8,2,3,0,31
2024-03-29 06:10:00,8,8,14,6,0,0,0,36
2024-03-29 06:20:00,13,6,13,6,1,2,0,41
2024-03-29 06:30:00,12,5,9,7,0,0,0,33
2024-03-29 06:40:00,12,4,8,4,2,3,0,33
2024-03-29 06:50:00,7,4,9,6,1,1,0,28
2024-03-29 07:00:00,7,6,7,5,1,1,0,27
2024-03-29 07:10:00,11,2,7,6,3,3,0,32
2024-03-29 07:20:00,6,6,11,9,2,3,0,37
2024-03-29 07:30:00,6,6,12,4,2,2,0,32
2024-03-29 07:40:00,10,6,9,8,2,6,0,41
2024-03-29 07:50:00,9,8,10,2,0,0,0,29
2024-03-29 08:00:00,11,9,8,5,3,3,0,39
2024-03-29 08:10:00,8,6,12,6,0,0,0,32
2024-03-29 08:20:00,16,6,14,3,6,6,0,51
2024-03-29 08:30:00,12,9,15,3,1,1,0,41
2024-03-29 08:40:00,17,8,14,7,6,8,0,60
2024-03-29 08:50:00,23,7,16,13,8,11,0,78
2024-03-29 09:00:00,20,6,14,17,3,3,0,63
2024-03-29 09:10:00,24,16,17,14,4,5,0,80
2024-03-29 09:20:00,11,25,15,10,5,6,0,72
2024-03-29 09:30:00,26,19,15,6,2,2,0,70
2024-03-29 09:40:00,18,21,22,15,7,9,0,92
2024-03-29 09:50:00,23,17,24,13,7,8,2,94
2024-03-29 10:00:00,25,26,31,13,8,7,1,111
2024-03-29 10:10:00,22,17,21,9,6,8,0,83
2024-03-29 10:20:00,27,16,26,15,6,5,0,95
2024-03-29 10:30:00,23,19,22,12,11,13,1,101
2024-03-29 10:40:00,28,24,31,23,13,14,0,133
2024-03-29 10:50:00,25,21,20,13,3,5,0,87
2024-03-29 11:00:00,27,14,16,15,8,7,1,88
2024-03-29 11:10:00,35,21,23,12,10,14,0,115
2024-03-29 11:20:00,34,15,21,20,15,17,1,123
2024-03-29 11:30:00,25,23,26,20,13,11,0,118
2024-03-29 11:40:00,35,18,22,15,11,12,0,113
2024-03-29 11:50:00,28,27,23,18,11,11,1,119
2024-03-29 12:00:00,30,24,27,30,7,8,1,127
2024-03-29 12:10:00,37,22,16,13,10,10,0,108
2024-03-29 12:20:00,28,19,22,26,12,12,1,120
2024-03-29 12:30:00,30,26,26,26,7,9,1,125
2024-03-29 12:40:00,36,21,27,21,14,14,0,133
2024-03-29 12:50:00,23,28,29,22,12,10,0,124
2024-03-29 13:00:00,26,22,24,22,15,12,2,123
2024-03-29 13:10:00,23,21,26,18,10,8,1,107
2024-03-29 13:20:00,29,21,30,20,10,11,0,121
2024-03-29 13:30:00,44,15,20,27,7,9,0,122
2024-03-29 13:40:00,30,21,28,12,12,11,0,114
2024-03-29 13:50:00,28,20,15,28,17,19,0,127
2024-03-29 14:00:00,37,24,21,17,12,14,0,125
2024-03-29 14:10:00,35,19,18,34,9,12,1,128
2024-03-29 14:20:00,34,16,28,28,14,18,2,140
2024-03-29 14:30:00,29,28,21,45,13,14,1,151
2024-03-29 14:40:00,34,19,24,24,15,17,0,133
2024-03-29 14:50:00,40,21,26,29,12,14,1,143
2024-03-29 15:00:00,26,20,19,25,17,18,0,125
2024-03-29 15:10:00,34,19,25,26,12,14,1,131
2024-03-29 15:20:00,36,21,18,22,13,16,1,127
2024-03-29 15:30:00,37,22,22,19,19,19,0,138
2024-03-29 15:40:00,36,20,21,22,16,17,0,132
2024-03-29 15:50:00,27,22,21,19,14,8,0,111
2024-03-29 16:00:00,25,21,24,26,13,12,0,121
2024-03-29 16:10:00,30,21,22,22,15,16,1,127
2024-03-29 16:20:00,32,20,22,26,13,15,1,129
2024-03-29 16:30:00,28,24,33,28,7,7,1,128
2024-03-29 16:40:00,32,19,23,21,12,11,0,118
2024-03-29 16:50:00,32,23,30,26,11,10,1,133
2024-03-29 17:00:00,33,15,16,16,10,14,0,104
2024-03-29 17:10:00,31,17,23,16,20,23,1,131
2024-03-29 17:20:00,30,21,26,32,13,15,1,138
2024-03-29 17:30:00,26,22,30,18,22,19,1,138
2024-03-29 17:40:00,29,21,25,19,15,17,1,127
2024-03-29 17:50:00,33,21,26,15,7,10,0,112
2024-03-29 18:00:00,27,22,28,22,12,16,0,127
2024-03-29 18:10:00,33,18,26,18,13,14,3,125
2024-03-29 18:20:00,28,23,22,17,13,15,2,120
2024-03-29 18:30:00,31,21,22,19,13,19,0,125
2024-03-29 18:40:00,40,15,23,26,8,14,1,127
2024-03-29 18:50:00,26,13,23,21,11,12,1,107
2024-03-29 19:00:00,27,24,22,25,8,10,2,118
2024-03-29 19:10:00,17,17,26,21,9,15,0,105
2024-03-29 19:20:00,16,15,23,29,12,11,0,106
2024-03-29 19:30:00,23,14,24,17,5,5,1,89
2024-03-29 19:40:00,20,18,23,23,9,9,2,104
2024-03-29 19:50:00,14,22,26,15,11,11,1,100
2024-03-29 20:00:00,24,20,27,21,8,9,0,109
2024-03-29 20:10:00,23,19,28,24,11,14,1,120
2024-03-29 20:20:00,22,17,15,22,14,19,1,110
2024-03-29 20:30:00,20,16,23,28,8,10,0,105
2024-03-29 20:40:00,19,14,16,19,17,16,0,101
2024-03-29 20:50:00,21,22,24,18,10,13,0,108
2024-03-29 21:00:00,21,18,13,22,9,10,0,93
2024-03-29 21:10:00,20,15,17,25,10,8,0,95
2024-03-29 21:20:00,23,14,15,14,5,6,0,77
2024-03-29 21:30:00,16,14,21,14,1,3,0,69
2024-03-29 21:40:00,19,8,16,24,11,12,0,90
2024-03-29 21:50:00,19,19,17,17,3,4,0,79
2024-03-29 22:00:00,18,11,20,18,9,9,0,85
2024-03-29 22:10:00,23,8,18,17,4,5,0,75
2024-03-29 22:20:00,22,11,16,16,5,6,0,76
2024-03-29 22:30:00,16,13,15,19,5,6,0,74
2024-03-29 22:40:00,18,9,15,21,6,7,0,76
2024-03-29 22:50:00,12,13,15,16,4,5,0,65
2024-03-29 23:00:00,13,17,17,18,3,3,0,71
2024-03-29 23:10:00,17,9,15,18,4,5,0,68
2024-03-29 23:20:00,15,13,8,14,2,5,1,58
2024-03-29 23:30:00,14,10,16,10,1,2,0,53
2024-03-29 23:40:00,11,4,16,14,6,6,0,57
2024-03-29 23:50:00,10,9,10,12,2,2,0,45
2024-03-30 00:00:00,11,9,13,12,0,1,0,46
2024-03-30 00:10:00,14,9,4,10,7,6,0,50
2024-03-30 00:20:00,15,7,3,11,2,4,0,42
2024-03-30 00:30:00,7,4,8,10,4,3,1,37
2024-03-30 00:40:00,6,11,11,6,5,4,0,43
2024-03-30 00:50:00,9,8,8,7,4,4,0,40
2024-03-30 01:00:00,8,5,4,12,3,3,0,35
2024-03-30 01:10:00,9,7,10,9,0,0,0,35
2024-03-30 01:20:00,4,4,9,10,5,5,0,37
2024-03-30 01:30:00,7,8,4,6,4,3,0,32
2024-03-30 01:40:00,7,2,6,9,5,4,0,33
2024-03-30 01:50:00,8,4,6,2,2,2,0,24
2024-03-30 02:00:00,7,5,9,2,0,0,0,23
2024-03-30 02:10:00,5,2,5,4,1,1,0,18
2024-03-30 02:20:00,5,3,7,7,3,2,0,27
2024-03-30 02:30:00,2,2,4,7,0,2,0,17
2024-03-30 02:40:00,3,0,1,3,0,0,0,7
2024-03-30 02:50:00,4,0,1,9,2,4,0,20
2024-03-30 03:00:00,6,1,2,4,0,1,0,14
2024-03-30 03:10:00,6,1,6,0,0,0,0,13
2024-03-30 03:20:00,4,4,6,3,0,0,0,17
2024-03-30 03:30:00,5,4,3,2,2,2,0,18
2024-03-30 03:40:00,11,5,2,6,1,3,0,28
2024-03-30 03:50:00,1,6,1,6,1,4,0,19
2024-03-30 04:00:00,3,5,3,2,0,0,0,13
2024-03-30 04:10:00,3,5,5,8,1,1,0,23
2024-03-30 04:20:00,4,3,6,3,0,0,0,16
2024-03-30 04:30:00,2,11,3,3,0,1,0,20
2024-03-30 04:40:00,5,7,5,2,0,0,0,19
2024-03-30 04:50:00,4,11,10,2,2,1,0,30
2024-03-30 05:00:00,4,15,10,4,0,3,0,36
2024-03-30 05:10:00,4,14,10,3,0,0,0,31
2024-03-30 05:20:00,3,16,12,3,2,3,0,39
2024-03-30 05:30:00,7,8,17,8,1,4,0,45
2024-03-30 05:40:00,3,12,17,8,3,6,0,49
2024-03-30 05:50:00,9,13,12,5,3,2,0,44
2024-03-30 06:00:00,9,8,13,7,1,2,0,40
2024-03-30 06:10:00,5,7,10,4,2,3,0,31
2024-03-30 06:20:00,15,11,16,11,5,6,0,64
2024-03-30 06:30:00,6,18,16,9,1,4,0,54
2024-03-30 06:40:00,6,10,13,15,4,8,0,56
2024-03-30 06:50:00,9,11,13,8,2,2,0,45
2024-03-30 07:00:00,6,13,11,17,3,3,0,53
2024-03-30 07:10:00,10,12,17,12,1,1,0,53
2024-03-30 07:20:00,10,13,12,7,4,5,0,51
2024-03-30 07:30:00,12,17,15,7,6,6,0,63
2024-03-30 07:40:00,20,18,16,6,7,6,0,73
2024-03-30 07:50:00,20,12,17,8,3,5,0,65
2024-03-30 08:00:00,13,14,23,7,5,4,0,66
2024-03-30 08:10:00,18,19,13,7,3,5,1,66
2024-03-30 08:20:00,15,20,20,9,1,4,0,69
2024-03-30 08:30:00,27,14,25,9,6,3,0,84
2024-03-30 08:40:00,18,27,34,14,7,8,0,108
2024-03-30 08:50:00,23,28,24,11,4,11,0,101
2024-03-30 09:00:00,26,23,25,17,11,12,0,114
2024-03-30 09:10:00,29,25,31,10,13,20,1,129
2024-03-30 09:20:00,24,32,36,15,12,13,0,132
2024-03-30 09:30:00,39,22,24,14,7,7,1,114
2024-03-30 09:40:00,34,27,33,18,5,6,0,123
2024-03-30 09:50:00,27,33,21,22,15,22,1,141
2024-03-30 10:00:00,22,29,39,20,11,13,2,136
2024-03-30 10:10:00,40,36,27,18,9,14,1,145
2024-03-30 10:20:00,27,30,29,29,10,12,1,138
2024-03-30 10:30:00,44,23,25,24,9,12,1,138
2024-03-30 10:40:00,31,21,23,32,9,10,1,127
2024-03-30 10:50:00,29,27,32,30,14,17,0,149
2024-03-30 11:00:00,34,23,37,25,14,15,0,148
2024-03-30 11:10:00,33,23,32,37,9,13,0,147
2024-03-30 11:20:00,31,29,13,35,22,23,2,155
2024-03-30 11:30:00,31,27,28,34,14,24,1,159
2024-03-30 11:40:00,46,25,30,33,14,12,2,162
2024-03-30 11:50:00,27,19,18,33,20,20,1,138
2024-03-30 12:00:00,52,27,29,47,14,15,0,184
2024-03-30 12:10:00,43,24,28,39,10,9,2,155
2024-03-30 12:20:00,34,24,28,30,13,17,0,146
2024-03-30 12:30:00,37,34,32,43,7,6,3,162
2024-03-30 12:40:00,31,22,27,31,14,28,4,157
2024-03-30 12:50:00,30,22,25,31,11,14,1,134
2024-03-30 13:00:00,30,32,33,32,14,23,1,165
2024-03-30 13:10:00,27,27,11,35,14,23,0,137
2024-03-30 13:20:00,41,33,35,33,14,15,1,172
2024-03-30 13:30:00,32,29,24,36,23,29,1,174
2024-03-30 13:40:00,31,20,19,55,13,14,0,152
2024-03-30 13:50:00,37,32,26,46,15,23,0,179
2024-03-30 14:00:00,36,28,26,38,15,17,0,160
2024-03-30 14:10:00,35,32,36,40,11,13,2,169
2024-03-30 14:20:00,27,33,31,54,19,24,1,189
2024-03-30 14:30:00,31,18,24,57,13,18,0,161
2024-03-30 14:40:00,40,20,29,33,16,27,1,166
2024-03-30 14:50:00,36,23,21,46,10,28,1,165
2024-03-30 15:00:00,31,37,32,45,11,16,0,172
2024-03-30 15:10:00,27,19,26,43,13,19,0,147
2024-03-30 15:20:00,39,17,29,39,12,19,1,156
2024-03-30 15:30:00,26,25,33,49,22,20,0,175
2024-03-30 15:40:00,34,29,22,45,17,22,0,169
2024-03-30 15:50:00,32,10,21,43,19,22,0,147
2024-03-30 16:00:00,30,24,35,53,16,25,0,183
2024-03-30 16:10:00,32,19,27,37,9,21,2,147
2024-03-30 16:20:00,33,29,32,44,15,26,1,180
2024-03-30 16:30:00,37,23,26,31,15,17,0,149
2024-03-30 16:40:00,37,17,23,44,14,20,1,156
2024-03-30 16:50:00,22,22,24,43,20,19,1,151
2024-03-30 17:00:00,45,20,27,42,13,13,0,160
2024-03-30 17:10:00,31,27,30,39,15,22,1,165
2024-03-30 17:20:00,28,27,25,33,17,24,1,155
2024-03-30 17:30:00,30,30,29,50,18,20,0,177
2024-03-30 17:40:00,43,29,28,41,12,13,0,166
2024-03-30 17:50:00,33,25,24,44,11,13,2,152
2024-03-30 18:00:00,39,25,26,46,12,14,0,162
2024-03-30 18:10:00,35,27,30,45,13,18,0,168
2024-03-30 18:20:00,29,26,34,44,11,18,1,163
2024-03-30 18:30:00,31,22,31,41,11,15,1,152
2024-03-30 18:40:00,36,25,24,37,14,18,1,155
2024-03-30 18:50:00,21,21,20,27,17,20,1,127
2024-03-30 19:00:00,30,20,20,25,7,9,0,111
2024-03-30 19:10:00,19,23,25,22,14,27,0,130
2024-03-30 19:20:00,31,18,22,25,5,6,0,107
2024-03-30 19:30:00,11,23,25,31,6,10,0,106
2024-03-30 19:40:00,22,21,35,28,10,14,0,130
2024-03-30 19:50:00,10,19,31,27,7,10,1,105
2024-03-30 20:00:00,16,21,24,32,12,15,0,120
2024-03-30 20:10:00,25,23,22,28,11,17,1,127
2024-03-30 20:20:00,21,28,28,24,11,10,0,122
2024-03-30 20:30:00,11,24,23,34,13,17,0,122
2024-03-30 20:40:00,12,17,23,22,8,10,0,92
2024-03-30 20:50:00,13,16,25,26,8,6,5,99
2024-03-30 21:00:00,17,22,28,22,4,7,0,100
2024-03-30 21:10:00,19,24,20,16,8,8,0,95
2024-03-30 21:20:00,12,13,21,27,3,4,1,81
2024-03-30 21:30:00,14,24,18,24,5,7,0,92
2024-03-30 21:40:00,15,15,25,19,9,14,0,97
2024-03-30 21:50:00,9,17,22,24,3,8,2,85
2024-03-30 22:00:00,17,13,25,25,4,5,0,89
2024-03-30 22:10:00,14,12,30,17,5,6,0,84
2024-03-30 22:20:00,18,7,17,17,7,8,0,74
2024-03-30 22:30:00,10,10,18,21,6,10,0,75
2024-03-30 22:40:00,13,9,15,28,8,7,0,80
2024-03-30 22:50:00,11,14,23,20,6,7,0,81
2024-03-30 23:00:00,9,15,18,11,3,4,0,60
2024-03-30 23:10:00,12,13,20,19,21,8,0,93
2024-03-30 23:20:00,16,15,17,14,9,10,0,81
2024-03-30 23:30:00,13,11,12,16,2,3,1,58
2024-03-30 23:40:00,8,5,11,12,6,4,0,46
2024-03-30 23:50:00,3,6,20,8,4,6,0,47
2024-03-31 00:00:00,7,10,18,13,4,8,0,60
2024-03-31 00:10:00,4,11,10,16,7,6,0,54
2024-03-31 00:20:00,8,11,15,19,4,7,0,64
2024-03-31 00:30:00,12,3,9,11,2,4,0,41
2024-03-31 00:40:00,8,7,9,8,2,3,0,37
2024-03-31 00:50:00,3,4,10,14,2,3,0,36
2024-03-31 01:00:00,6,4,7,21,1,3,0,42
2024-03-31 01:10:00,6,7,10,6,2,3,0,34
2024-03-31 01:20:00,5,5,7,8,3,3,0,31
2024-03-31 01:30:00,11,4,8,4,0,0,0,27
2024-03-31 01:40:00,8,4,9,15,4,3,0,43
2024-03-31 01:50:00,6,6,2,7,2,6,0,29
2024-03-31 02:00:00,0,0,0,0,0,0,0,0
2024-03-31 02:10:00,0,0,0,0,0,0,0,0
2024-03-31 02:20:00,0,0,0,0,0,0,0,0
2024-03-31 02:30:00,0,0,0,0,0,0,0,0
2024-03-31 02:40:00,0,0,0,0,0,0,0,0
2024-03-31 02:50:00,0,0,0,0,0,0,0,0
2024-03-31 03:00:00,0,0,0,0,0,0,0,0
2024-03-31 03:10:00,0,0,0,0,0,0,0,0
2024-03-31 03:20:00,0,0,0,0,0,0,0,0
2024-03-31 03:30:00,0,0,0,0,0,0,0,0
2024-03-31 03:40:00,0,0,0,0,0,0,0,0
2024-03-31 03:50:00,0,0,0,0,0,0,0,0
2024-03-31 04:00:00,6,5,5,9,2,2,0,29
2024-03-31 04:10:00,8,8,7,5,0,0,0,28
2024-03-31 04:20:00,4,2,8,9,2,1,0,26
2024-03-31 04:30:00,5,9,3,5,1,1,0,24
2024-03-31 04:40:00,6,9,4,6,3,2,0,30
2024-03-31 04:50:00,5,13,8,3,0,0,0,29
2024-03-31 05:00:00,2,13,6,8,1,1,0,31
2024-03-31 05:10:00,4,10,7,6,0,0,0,27
2024-03-31 05:20:00,3,10,11,5,1,1,0,31
2024-03-31 05:30:00,8,16,14,5,2,3,0,48
2024-03-31 05:40:00,7,10,10,7,3,2,1,40
2024-03-31 05:50:00,7,12,14,8,3,3,0,47
2024-03-31 06:00:00,9,8,15,8,0,0,0,40
2024-03-31 06:10:00,5,6,8,9,3,3,0,34
2024-03-31 06:20:00,10,4,10,11,1,2,0,38
2024-03-31 06:30:00,12,1,8,3,1,1,0,26
2024-03-31 06:40:00,6,6,4,10,5,4,0,35
2024-03-31 06:50:00,5,4,8,8,0,1,0,26
2024-03-31 07:00:00,5,5,5,7,1,1,0,24
2024-03-31 07:10:00,10,2,7,5,2,2,0,28
2024-03-31 07:20:00,6,5,5,6,1,2,0,25
2024-03-31 07:30:00,5,4,9,4,2,4,0,28
2024-03-31 07:40:00,5,9,11,3,1,1,0,30
2024-03-31 07:50:00,10,10,8,1,2,2,0,33
2024-03-31 08:00:00,8,12,11,6,3,3,0,43
2024-03-31 08:10:00,8,14,11,2,11,12,0,58
2024-03-31 08:20:00,10,12,12,4,8,9,0,55
2024-03-31 08:30:00,13,9,12,6,11,11,0,62
2024-03-31 08:40:00,16,12,17,7,8,8,0,68
2024-03-31 08:50:00,13,14,13,7,7,7,0,61
2024-03-31 09:00:00,15,18,18,6,3,3,0,63
2024-03-31 09:10:00,21,17,18,7,3,3,0,69
2024-03-31 09:20:00,17,31,22,8,5,6,0,89
2024-03-31 09:30:00,20,20,21,10,4,6,1,82
2024-03-31 09:40:00,25,15,11,17,9,12,1,90
2024-03-31 09:50:00,29,19,26,16,9,10,0,109
2024-03-31 10:00:00,24,19,22,11,11,10,0,97
2024-03-31 10:10:00,23,26,23,23,8,8,1,112
2024-03-31 10:20:00,20,14,22,12,7,8,0,83
2024-03-31 10:30:00,30,22,27,15,12,12,2,120
2024-03-31 10:40:00,33,13,29,11,6,6,1,99
2024-03-31 10:50:00,31,21,26,23,16,17,2,136
2024-03-31 11:00:00,27,25,23,27,14,16,2,134
2024-03-31 11:10:00,28,30,32,20,8,11,2,131
2024-03-31 11:20:00,37,20,23,29,15,21,0,145
2024-03-31 11:30:00,44,34,22,33,15,19,0,167
2024-03-31 11:40:00,43,26,24,36,16,17,2,164
2024-03-31 11:50:00,42,27,28,40,15,23,0,175
2024-03-31 12:00:00,30,22,22,36,20,19,0,149
2024-03-31 12:10:00,50,22,23,21,21,27,0,164
2024-03-31 12:20:00,39,27,19,16,16,17,1,135
2024-03-31 12:30:00,49,26,28,34,21,19,2,179
2024-03-31 12:40:00,41,34,26,23,21,22,1,168
2024-03-31 12:50:00,42,27,24,30,14,15,1,153
2024-03-31 13:00:00,39,33,29,32,15,17,1,166
2024-03-31 13:10:00,40,22,24,22,23,19,2,152
2024-03-31 13:20:00,35,21,35,26,18,28,0,163
2024-03-31 13:30:00,36,21,27,25,14,14,0,137
2024-03-31 13:40:00,41,24,30,28,20,22,2,167
2024-03-31 13:50:00,35,22,32,28,16,24,0,157
2024-03-31 14:00:00,45,21,19,29,17,22,1,154
2024-03-31 14:10:00,46,21,17,32,19,20,1,156
2024-03-31 14:20:00,45,31,21,28,17,23,2,167
2024-03-31 14:30:00,45,29,23,28,18,18,0,161
2024-03-31 14:40:00,32,19,21,37,23,25,0,157
2024-03-31 14:50:00,33,26,25,32,13,22,2,153
2024-03-31 15:00:00,39,19,30,35,22,20,1,166
2024-03-31 15:10:00,44,22,22,19,24,21,1,153
2024-03-31 15:20:00,36,18,34,25,19,15,1,148
2024-03-31 15:30:00,40,32,23,25,14,11,1,146
2024-03-31 15:40:00,31,30,25,20,14,17,1,138
2024-03-31 15:50:00,37,31,21,22,19,21,2,153
2024-03-31 16:00:00,35,27,30,22,15,16,1,146
2024-03-31 16:10:00,34,31,30,28,15,13,0,151
2024-03-31 16:20:00,37,33,34,20,23,23,1,171
2024-03-31 16:30:00,42,31,26,21,18,16,0,154
2024-03-31 16:40:00,41,26,29,28,14,13,2,153
2024-03-31 16:50:00,43,28,27,32,16,18,3,167
2024-03-31 17:00:00,34,34,24,32,15,18,1,158
2024-03-31 17:10:00,38,25,22,29,15,22,2,153
2024-03-31 17:20:00,38,27,22,26,19,17,0,149
2024-03-31 17:30:00,40,21,23,18,16,23,0,141
2024-03-31 17:40:00,31,33,22,21,12,20,0,139
2024-03-31 17:50:00,40,30,27,26,12,12,1,148
2024-03-31 18:00:00,36,28,27,21,8,9,1,130
2024-03-31 18:10:00,45,25,18,26,13,16,0,143
2024-03-31 18:20:00,41,30,23,32,12,12,0,150
2024-03-31 18:30:00,29,22,26,20,9,8,2,116
2024-03-31 18:40:00,30,17,27,28,18,19,3,142
2024-03-31 18:50:00,38,25,26,19,11,15,1,135
2024-03-31 19:00:00,32,29,36,26,7,4,3,137
2024-03-31 19:10:00,33,35,30,30,18,15,0,161
2024-03-31 19:20:00,32,28,22,23,17,20,1,143
2024-03-31 19:30:00,38,22,27,36,10,13,2,148
2024-03-31 19:40:00,31,38,33,25,17,16,1,161
2024-03-31 19:50:00,28,26,29,23,11,11,0,128
2024-03-31 20:00:00,19,30,31,18,8,11,0,117
2024-03-31 20:10:00,23,20,25,14,7,7,2,98
2024-03-31 20:20:00,19,27,27,11,6,12,1,103
2024-03-31 20:30:00,14,28,22,21,15,24,0,124
2024-03-31 20:40:00,19,26,20,24,17,12,3,121
2024-03-31 20:50:00,20,21,25,23,8,11,1,109
2024-03-31 21:00:00,18,27,33,17,11,15,1,122
2024-03-31 21:10:00,14,23,30,22,10,8,1,108
2024-03-31 21:20:00,15,20,30,19,7,8,0,99
2024-03-31 21:30:00,13,14,26,29,10,8,2,102
2024-03-31 21:40:00,11,20,27,24,7,7,0,96
2024-03-31 21:50:00,12,16,21,24,14,14,0,101
2024-03-31 22:00:00,13,16,25,16,6,5,0,81
2024-03-31 22:10:00,13,24,25,21,2,2,0,87
2024-03-31 22:20:00,8,10,14,15,3,2,1,53
2024-03-31 22:30:00,10,14,28,15,6,4,0,77
2024-03-31 22:40:00,9,13,21,16,4,6,0,69
2024-03-31 22:50:00,21,6,21,20,9,10,0,87
2024-03-31 23:00:00,15,10,7,21,8,11,0,72
2024-03-31 23:10:00,10,12,17,15,6,8,0,68
2024-03-31 23:20:00,12,6,11,16,2,2,0,49
2024-03-31 23:30:00,14,5,12,16,5,4,0,56
2024-03-31 23:40:00,9,6,13,14,7,5,0,54
2024-03-31 23:50:00,9,7,12,8,0,0,0,36
2024-04-01 00:00:00,9,7,18,10,2,2,0,48
2024-04-01 00:10:00,12,6,13,15,2,3,0,51
2024-04-01 00:20:00,7,10,8,8,0,0,0,33
2024-04-01 00:30:00,10,8,9,7,2,4,0,40
2024-04-01 00:40:00,9,8,8,8,2,2,0,37
2024-04-01 00:50:00,9,5,14,17,6,4,0,55
2024-04-01 01:00:00,3,5,8,6,0,0,0,22
2024-04-01 01:10:00,9,10,10,5,0,0,0,34
2024-04-01 01:20:00,9,5,3,12,5,6,0,40
2024-04-01 01:30:00,8,2,9,7,1,3,0,30
2024-04-01 01:40:00,6,0,7,8,0,0,0,21
2024-04-01 01:50:00,2,3,7,8,2,2,0,24
2024-04-01 02:00:00,11,6,8,6,1,1,0,33
2024-04-01 02:10:00,6,4,8,8,3,4,0,33
2024-04-01 02:20:00,5,3,10,9,1,3,0,31
2024-04-01 02:30:00,4,2,0,5,0,0,0,11
2024-04-01 02:40:00,7,0,4,7,2,1,0,21
2024-04-01 02:50:00,3,5,6,11,1,1,0,27
2024-04-01 03:00:00,3,2,6,5,0,1,0,17
2024-04-01 03:10:00,6,3,5,4,2,1,0,21
2024-04-01 03:20:00,2,7,10,4,2,2,0,27
2024-04-01 03:30:00,6,1,4,5,1,1,0,18
2024-04-01 03:40:00,6,2,1,4,0,1,0,14
2024-04-01 03:50:00,4,4,1,7,1,2,0,19
2024-04-01 04:00:00,8,3,2,5,0,1,0,19
2024-04-01 04:10:00,3,5,4,3,0,0,0,15
2024-04-01 04:20:00,4,4,3,3,3,2,0,19
2024-04-01 04:30:00,1,7,5,5,0,0,0,18
2024-04-01 04:40:00,4,11,4,4,1,1,0,25
2024-04-01 04:50:00,2,13,4,5,2,3,0,29
2024-04-01 05:00:00,3,16,5,3,0,0,0,27
2024-04-01 05:10:00,3,10,5,5,0,0,0,23
2024-04-01 05:20:00,6,13,10,3,2,3,0,37
2024-04-01 05:30:00,3,10,13,3,2,3,0,34
2024-04-01 05:40:00,3,7,15,2,1,1,0,29
2024-04-01 05:50:00,4,13,13,8,3,2,0,43
2024-04-01 06:00:00,6,9,7,7,1,2,0,32
2024-04-01 06:10:00,8,8,12,4,0,0,0,32
2024-04-01 06:20:00,8,4,5,5,2,4,0,28
2024-04-01 06:30:00,7,2,6,10,1,1,0,27
2024-04-01 06:40:00,5,4,4,11,3,3,0,30
2024-04-01 06:50:00,6,2,4,8,1,1,1,23
2024-04-01 07:00:00,4,4,6,4,2,2,0,22
2024-04-01 07:10:00,7,6,8,5,1,1,0,28
2024-04-01 07:20:00,4,5,8,1,0,2,0,20
2024-04-01 07:30:00,8,7,7,2,0,0,0,24
2024-04-01 07:40:00,5,5,10,2,2,2,0,26
2024-04-01 07:50:00,6,9,8,6,2,4,0,35
2024-04-01 08:00:00,10,2,8,1,1,1,0,23
2024-04-01 08:10:00,10,6,10,5,1,1,0,33
2024-04-01 08:20:00,10,3,8,7,2,2,0,32
2024-04-01 08:30:00,12,9,11,5,1,1,0,39
2024-04-01 08:40:00,11,6,12,7,2,2,0,40
2024-04-01 08:50:00,10,12,13,6,0,1,0,42
2024-04-01 09:00:00,21,15,13,4,3,3,0,59
2024-04-01 09:10:00,10,10,18,11,9,8,0,66
2024-04-01 09:20:00,17,18,21,6,3,4,0,69
2024-04-01 09:30:00,15,21,17,10,5,6,1,75
2024-04-01 09:40:00,21,24,26,5,5,4,0,85
2024-04-01 09:50:00,20,13,23,18,5,5,1,85
2024-04-01 10:00:00,19,18,18,7,3,3,0,68
2024-04-01 10:10:00,19,13,20,16,3,4,0,75
2024-04-01 10:20:00,18,16,21,11,12,13,0,91
2024-04-01 10:30:00,20,18,19,12,12,8,0,89
2024-04-01 10:40:00,26,22,22,11,12,9,3,105
2024-04-01 10:50:00,24,26,23,23,5,8,0,109
2024-04-01 11:00:00,22,21,25,20,14,13,0,115
2024-04-01 11:10:00,28,17,20,16,14,12,1,108
2024-04-01 11:20:00,34,24,25,21,13,16,0,133
2024-04-01 11:30:00,34,23,29,25,11,10,0,132
2024-04-01 11:40:00,28,21,27,32,13,12,1,134
2024-04-01 11:50:00,39,25,24,20,13,18,0,139
2024-04-01 12:00:00,28,22,26,21,11,10,1,119
2024-04-01 12:10:00,33,22,24,24,11,12,1,127
2024-04-01 12:20:00,36,29,20,19,13,11,0,128
2024-04-01 12:30:00,35,25,24,27,15,14,0,140
2024-04-01 12:40:00,29,25,29,27,19,20,0,149
2024-04-01 12:50:00,32,27,20,18,15,20,0,132
2024-04-01 13:00:00,29,23,33,24,13,15,0,137
2024-04-01 13:10:00,38,25,27,13,14,18,0,135
2024-04-01 13:20:00,28,26,32,27,12,20,0,145
2024-04-01 13:30:00,34,18,27,21,18,23,1,142
2024-04-01 13:40:00,42,23,24,35,16,15,1,156
2024-04-01 13:50:00,36,27,33,23,14,17,2,152
2024-04-01 14:00:00,36,21,24,25,14,21,0,141
2024-04-01 14:10:00,30,19,23,36,15,15,0,138
2024-04-01 14:20:00,31,27,24,21,9,13,0,125
2024-04-01 14:30:00,32,29,28,30,19,23,1,162
2024-04-01 14:40:00,31,27,18,30,14,21,0,141
2024-04-01 14:50:00,32,21,23,28,11,16,0,131
2024-04-01 15:00:00,30,35,38,41,27,19,0,190
2024-04-01 15:10:00,32,25,24,28,17,17,0,143
2024-04-01 15:20:00,36,27,34,20,13,11,0,141
2024-04-01 15:30:00,41,29,28,26,12,15,0,151
2024-04-01 15:40:00,30,22,31,23,15,18,0,139
2024-04-01 15:50:00,28,29,26,18,14,13,1,129
2024-04-01 16:00:00,35,25,25,27,14,17,1,144
2024-04-01 16:10:00,31,19,28,26,14,22,0,140
2024-04-01 16:20:00,29,34,29,18,13,18,1,142
2024-04-01 16:30:00,34,31,28,40,9,11,1,154
2024-04-01 16:40:00,34,29,25,26,13,14,1,142
2024-04-01 16:50:00,27,25,23,24,17,20,2,138
2024-04-01 17:00:00,34,24,26,26,13,15,1,139
2024-04-01 17:10:00,38,21,27,27,16,15,1,145
2024-04-01 17:20:00,34,29,23,27,15,11,0,139
2024-04-01 17:30:00,31,29,30,40,9,8,0,147
2024-04-01 17:40:00,41,30,25,21,11,17,0,145
2024-04-01 17:50:00,35,30,25,21,19,19,0,149
2024-04-01 18:00:00,29,32,21,25,19,23,2,151
2024-04-01 18:10:00,36,32,25,28,14,24,0,159
2024-04-01 18:20:00,33,22,29,31,9,10,2,136
2024-04-01 18:30:00,44,17,21,22,12,12,1,129
2024-04-01 18:40:00,34,32,23,32,10,12,3,146
2024-04-01 18:50:00,31,28,38,31,12,13,1,154
2024-04-01 19:00:00,28,27,28,22,19,18,0,142
2024-04-01 19:10:00,38,24,41,22,12,13,1,151
2024-04-01 19:20:00,23,27,28,32,8,11,0,129
2024-04-01 19:30:00,33,29,34,22,15,19,1,153
2024-04-01 19:40:00,23,32,31,29,13,11,1,140
2024-04-01 19:50:00,29,27,23,23,12,11,0,125
2024-04-01 20:00:00,22,29,29,20,8,8,0,116
2024-04-01 20:10:00,9,23,17,20,12,16,1,98
2024-04-01 20:20:00,20,17,19,21,11,12,0,100
2024-04-01 20:30:00,21,19,27,18,15,13,3,116
2024-04-01 20:40:00,22,27,26,18,7,7,0,107
2024-04-01 20:50:00,21,19,26,24,18,13,0,121
2024-04-01 21:00:00,19,17,21,16,7,11,0,91
2024-04-01 21:10:00,23,28,20,18,8,7,0,104
2024-04-01 21:20:00,22,19,19,19,10,12,0,101
2024-04-01 21:30:00,7,20,26,20,6,8,0,87
2024-04-01 21:40:00,6,7,27,19,10,9,0,78
2024-04-01 21:50:00,14,12,17,14,5,6,0,68
2024-04-01 22:00:00,7,12,15,24,4,7,0,69
2024-04-01 22:10:00,9,20,17,20,8,4,0,78
2024-04-01 22:20:00,9,12,14,19,4,4,0,62
2024-04-01 22:30:00,13,7,11,12,7,5,0,55
2024-04-01 22:40:00,7,12,17,11,4,4,0,55
2024-04-01 22:50:00,7,9,10,10,7,7,0,50
2024-04-01 23:00:00,10,7,11,15,3,1,0,47
2024-04-01 23:10:00,8,11,16,12,0,1,0,48
2024-04-01 23:20:00,5,7,8,16,6,7,0,49
2024-04-01 23:30:00,7,8,11,14,1,1,0,42
2024-04-01 23:40:00,10,5,9,11,2,2,0,39
2024-04-01 23:50:00,3,7,5,8,2,2,0,27
2024-04-02 00:00:00,7,9,8,7,0,0,0,31
2024-04-02 00:10:00,2,5,12,7,1,4,0,31
2024-04-02 00:20:00,2,4,6,7,3,2,0,24
2024-04-02 00:30:00,3,5,3,4,1,1,0,17
2024-04-02 00:40:00,3,4,3,7,2,2,0,21
2024-04-02 00:50:00,3,7,4,3,2,2,0,21
2024-04-02 01:00:00,1,3,2,6,8,5,0,25
2024-04-02 01:10:00,5,3,6,2,0,0,0,16
2024-04-02 01:20:00,2,1,6,6,3,2,0,20
2024-04-02 01:30:00,0,2,5,3,0,2,0,12
2024-04-02 01:40:00,1,7,3,3,0,0,0,14
2024-04-02 01:50:00,1,7,3,6,2,2,0,21
2024-04-02 02:00:00,2,3,4,1,1,1,0,12
2024-04-02 02:10:00,0,1,9,2,0,2,0,14
2024-04-02 02:20:00,2,3,8,7,3,5,0,28
2024-04-02 02:30:00,2,4,1,1,0,0,0,8
2024-04-02 02:40:00,0,2,7,7,1,2,0,19
2024-04-02 02:50:00,2,1,6,2,1,1,0,13
2024-04-02 03:00:00,2,3,4,2,0,0,0,11
2024-04-02 03:10:00,1,4,6,4,2,2,0,19
2024-04-02 03:20:00,1,2,6,0,0,0,0,9
2024-04-02 03:30:00,0,4,6,2,0,1,0,13
2024-04-02 03:40:00,1,0,2,3,0,0,0,6
2024-04-02 03:50:00,5,4,6,5,1,3,0,24
2024-04-02 04:00:00,4,3,3,3,0,1,0,14
2024-04-02 04:10:00,1,10,10,2,1,2,0,26
2024-04-02 04:20:00,3,10,7,4,1,1,0,26
2024-04-02 04:30:00,4,11,10,3,3,4,0,35
2024-04-02 04:40:00,3,26,12,4,1,5,0,51
2024-04-02 04:50:00,1,22,13,0,1,1,0,38
2024-04-02 05:00:00,2,35,16,9,4,8,0,74
2024-04-02 05:10:00,8,43,22,9,0,3,0,85
2024-04-02 05:20:00,12,39,39,8,5,6,0,109
2024-04-02 05:30:00,6,45,39,6,0,4,0,100
2024-04-02 05:40:00,7,62,43,7,1,4,0,124
2024-04-02 05:50:00,5,51,50,13,1,6,0,126
2024-04-02 06:00:00,7,31,45,13,3,10,0,109
2024-04-02 06:10:00,8,38,38,16,3,12,0,115
2024-04-02 06:20:00,12,49,44,24,11,13,0,153
2024-04-02 06:30:00,11,42,38,20,6,10,0,127
2024-04-02 06:40:00,13,54,40,19,6,9,0,141
2024-04-02 06:50:00,21,48,44,20,7,8,0,148
2024-04-02 07:00:00,20,36,30,19,9,17,1,132
2024-04-02 07:10:00,22,31,32,17,6,12,2,122
2024-04-02 07:20:00,23,42,42,19,5,7,0,138
2024-04-02 07:30:00,15,32,22,21,10,15,2,117
2024-04-02 07:40:00,10,35,20,17,7,9,1,99
2024-04-02 07:50:00,12,37,27,21,10,18,1,126
2024-04-02 08:00:00,29,37,27,22,9,17,1,142
2024-04-02 08:10:00,20,36,35,19,10,19,3,142
2024-04-02 08:20:00,15,34,29,29,15,21,2,145
2024-04-02 08:30:00,20,35,34,20,10,14,3,136
2024-04-02 08:40:00,27,31,26,40,13,18,1,156
2024-04-02 08:50:00,29,34,33,42,12,17,1,168
2024-04-02 09:00:00,18,34,36,22,10,15,0,135
2024-04-02 09:10:00,32,35,33,26,9,19,2,156
2024-04-02 09:20:00,26,31,39,37,15,24,1,173
2024-04-02 09:30:00,28,33,24,15,6,16,0,122
2024-04-02 09:40:00,19,30,22,28,12,17,3,131
2024-04-02 09:50:00,26,24,32,27,13,20,1,143
2024-04-02 10:00:00,35,24,16,20,18,22,0,135
2024-04-02 10:10:00,36,29,19,24,16,24,0,148
2024-04-02 10:20:00,34,19,21,23,11,19,0,127
2024-04-02 10:30:00,35,34,25,29,7,11,0,141
2024-04-02 10:40:00,29,30,27,29,13,14,0,142
2024-04-02 10:50:00,12,31,21,33,17,26,2,142
2024-04-02 11:00:00,40,30,33,25,9,14,0,151
2024-04-02 11:10:00,39,23,15,30,19,18,0,144
2024-04-02 11:20:00,41,22,12,30,14,22,2,143
2024-04-02 11:30:00,33,35,25,36,11,13,0,153
2024-04-02 11:40:00,31,20,21,27,14,21,1,135
2024-04-02 11:50:00,37,21,24,31,12,18,0,143
2024-04-02 12:00:00,29,26,18,39,14,17,0,143
2024-04-02 12:10:00,38,26,25,44,15,26,0,174
2024-04-02 12:20:00,39,27,30,28,13,21,1,159
2024-04-02 12:30:00,13,20,26,49,16,21,0,145
2024-04-02 12:40:00,32,22,11,36,15,26,1,143
2024-04-02 12:50:00,21,30,23,33,15,22,0,144
2024-04-02 13:00:00,25,19,14,26,17,33,0,134
2024-04-02 13:10:00,44,21,16,45,22,11,0,159
2024-04-02 13:20:00,32,17,18,47,15,17,0,146
2024-04-02 13:30:00,33,30,30,33,11,18,0,155
2024-04-02 13:40:00,36,22,9,35,13,22,0,137
2024-04-02 13:50:00,31,11,16,33,15,29,0,135
2024-04-02 14:00:00,21,30,29,44,14,22,0,160
2024-04-02 14:10:00,43,23,19,26,14,15,0,140
2024-04-02 14:20:00,10,28,17,26,16,20,1,118
2024-04-02 14:30:00,14,23,16,36,14,14,0,117
2024-04-02 14:40:00,25,29,19,47,12,16,0,148
2024-04-02 14:50:00,23,20,23,25,12,25,1,129
2024-04-02 15:00:00,12,30,20,25,14,25,2,128
2024-04-02 15:10:00,19,25,24,28,15,19,1,131
2024-04-02 15:20:00,9,27,19,23,21,38,1,138
2024-04-02 15:30:00,13,33,22,38,15,26,0,147
2024-04-02 15:40:00,9,22,22,48,27,31,2,161
2024-04-02 15:50:00,20,19,18,27,13,20,0,117
2024-04-02 16:00:00,11,32,18,0,15,24,0,100
2024-04-02 16:10:00,14,31,15,14,16,15,1,106
2024-04-02 16:20:00,6,28,19,11,23,27,1,115
2024-04-02 16:30:00,12,23,26,57,16,16,3,153
2024-04-02 16:40:00,4,29,18,49,20,29,1,150
2024-04-02 16:50:00,0,20,17,47,15,22,2,123
2024-04-02 17:00:00,0,26,24,31,17,23,2,123
2024-04-02 17:10:00,6,36,23,38,14,23,1,141
2024-04-02 17:20:00,14,36,24,24,17,36,2,153
2024-04-02 17:30:00,18,30,24,21,10,28,1,132
2024-04-02 17:40:00,14,34,26,41,23,25,0,163
2024-04-02 17:50:00,4,26,23,22,14,19,1,109
2024-04-02 18:00:00,92,21,28,35,18,26,0,220
2024-04-02 18:10:00,23,28,35,34,14,19,0,153
2024-04-02 18:20:00,20,30,38,29,11,25,0,153
2024-04-02 18:30:00,13,31,30,30,13,23,0,140
2024-04-02 18:40:00,27,27,26,40,13,19,0,152
2024-04-02 18:50:00,25,29,34,38,12,19,1,158
2024-04-02 19:00:00,32,24,27,45,11,17,1,157
2024-04-02 19:10:00,30,20,19,44,15,24,1,153
2024-04-02 19:20:00,24,19,21,33,17,13,1,128
2024-04-02 19:30:00,28,24,27,43,11,11,0,144
2024-04-02 19:40:00,32,12,20,23,16,18,0,121
2024-04-02 19:50:00,20,18,21,28,11,14,2,114
2024-04-02 20:00:00,26,22,25,31,7,8,0,119
2024-04-02 20:10:00,18,19,19,35,9,13,1,114
2024-04-02 20:20:00,20,17,30,21,11,12,0,111
2024-04-02 20:30:00,16,27,18,29,12,12,0,114
2024-04-02 20:40:00,11,21,24,30,11,19,0,116
2024-04-02 20:50:00,8,17,21,19,19,15,0,99
2024-04-02 21:00:00,20,20,18,21,8,10,0,97
2024-04-02 21:10:00,20,17,18,16,4,8,0,83
2024-04-02 21:20:00,10,18,13,21,12,8,0,82
2024-04-02 21:30:00,16,21,22,19,4,6,1,89
2024-04-02 21:40:00,17,14,18,16,10,16,1,92
2024-04-02 21:50:00,19,18,9,29,6,11,0,92
2024-04-02 22:00:00,14,18,14,17,5,5,1,74
2024-04-02 22:10:00,16,14,10,26,9,14,0,89
2024-04-02 22:20:00,15,9,7,14,3,4,0,52
2024-04-02 22:30:00,11,10,15,17,4,5,0,62
2024-04-02 22:40:00,13,11,14,12,4,4,0,58
2024-04-02 22:50:00,8,16,10,11,4,5,0,54
2024-04-02 23:00:00,6,3,12,19,2,2,0,44
2024-04-02 23:10:00,8,5,6,13,5,5,0,42
2024-04-02 23:20:00,6,4,6,12,3,3,0,34
2024-04-02 23:30:00,7,9,12,14,3,5,1,51
2024-04-02 23:40:00,7,6,3,12,3,5,0,36
2024-04-02 23:50:00,5,7,11,12,7,9,0,51
2024-04-03 00:00:00,6,2,13,10,0,0,0,31
2024-04-03 00:10:00,2,13,8,6,3,4,0,36
2024-04-03 00:20:00,4,4,1,7,3,3,0,22
2024-04-03 00:30:00,8,5,4,9,2,3,0,31
2024-04-03 00:40:00,3,7,6,2,0,0,0,18
2024-04-03 00:50:00,5,1,5,5,2,3,0,21
2024-04-03 01:00:00,1,6,3,2,0,0,0,12
2024-04-03 01:10:00,1,5,1,6,0,0,0,13
2024-04-03 01:20:00,2,3,3,2,0,0,0,10
2024-04-03 01:30:00,1,4,4,0,0,0,0,9
2024-04-03 01:40:00,2,1,2,6,0,3,0,14
2024-04-03 01:50:00,0,1,3,2,1,1,0,8
2024-04-03 02:00:00,0,2,7,5,4,3,0,21
2024-04-03 02:10:00,1,3,3,3,2,1,0,13
2024-04-03 02:20:00,0,4,4,3,2,1,0,14
2024-04-03 02:30:00,1,0,5,3,0,0,0,9
2024-04-03 02:40:00,0,3,4,2,1,2,0,12
2024-04-03 02:50:00,1,2,3,3,1,1,0,11
2024-04-03 03:00:00,4,0,2,1,2,1,0,10
2024-04-03 03:10:00,2,4,3,2,2,2,0,15
2024-04-03 03:20:00,0,1,3,2,0,0,0,6
2024-04-03 03:30:00,3,3,2,2,0,1,0,11
2024-04-03 03:40:00,1,4,5,0,0,0,0,10
2024-04-03 03:50:00,5,4,2,0,1,1,0,13
2024-04-03 04:00:00,6,4,3,2,0,0,0,15
2024-04-03 04:10:00,1,9,9,2,0,0,0,21
2024-04-03 04:20:00,1,8,7,5,0,1,0,22
2024-04-03 04:30:00,4,12,10,6,1,3,0,36
2024-04-03 04:40:00,2,15,11,2,3,3,0,36
2024-04-03 04:50:00,2,23,11,2,0,2,0,40
2024-04-03 05:00:00,2,30,20,9,4,5,0,70
2024-04-03 05:10:00,4,32,18,8,3,6,1,72
2024-04-03 05:20:00,3,38,35,11,3,5,0,95
2024-04-03 05:30:00,5,40,40,9,0,2,0,96
2024-04-03 05:40:00,9,44,40,10,5,5,0,113
2024-04-03 05:50:00,7,51,53,12,1,5,0,129
2024-04-03 06:00:00,8,38,36,9,4,9,0,104
2024-04-03 06:10:00,6,36,43,15,4,7,0,111
2024-04-03 06:20:00,19,36,44,18,6,11,0,134
2024-04-03 06:30:00,13,38,38,25,7,10,1,132
2024-04-03 06:40:00,11,29,36,19,7,10,0,112
2024-04-03 06:50:00,21,39,27,20,8,16,1,132
2024-04-03 07:00:00,18,39,30,24,6,13,0,130
2024-04-03 07:10:00,17,35,39,18,5,11,0,125
2024-04-03 07:20:00,31,41,32,26,6,11,2,149
2024-04-03 07:30:00,32,31,24,12,12,17,1,129
2024-04-03 07:40:00,29,33,27,20,10,19,2,140
2024-04-03 07:50:00,21,36,26,24,11,18,0,136
2024-04-03 08:00:00,26,33,30,31,19,22,0,161
2024-04-03 08:10:00,22,35,36,26,6,9,3,137
2024-04-03 08:20:00,21,38,39,19,14,16,1,148
2024-04-03 08:30:00,19,26,27,20,12,22,0,126
2024-04-03 08:40:00,21,41,32,22,11,19,0,146
2024-04-03 08:50:00,25,31,31,27,14,19,1,148
2024-04-03 09:00:00,26,33,34,27,11,18,0,149
2024-04-03 09:10:00,24,29,27,21,8,13,0,122
2024-04-03 09:20:00,21,33,32,18,10,16,1,131
2024-04-03 09:30:00,26,28,17,22,15,18,0,126
2024-04-03 09:40:00,33,20,12,21,15,21,1,123
2024-04-03 09:50:00,27,20,8,17,16,16,0,104
2024-04-03 10:00:00,39,15,19,17,13,21,0,124
2024-04-03 10:10:00,29,17,11,25,19,22,0,123
2024-04-03 10:20:00,29,24,15,35,14,24,0,141
2024-04-03 10:30:00,38,26,24,31,12,13,0,144
2024-04-03 10:40:00,32,30,20,32,14,19,0,147
2024-04-03 10:50:00,31,28,20,25,15,13,0,132
2024-04-03 11:00:00,32,23,18,29,9,16,2,129
2024-04-03 11:10:00,25,23,17,35,16,20,0,136
2024-04-03 11:20:00,32,25,16,36,13,26,0,148
2024-04-03 11:30:00,32,27,13,28,9,22,0,131
2024-04-03 11:40:00,24,32,24,40,16,21,0,157
2024-04-03 11:50:00,42,26,25,36,22,22,0,173
2024-04-03 12:00:00,45,25,11,36,17,24,0,158
2024-04-03 12:10:00,37,23,9,22,15,17,0,123
2024-04-03 12:20:00,36,21,29,34,17,27,0,164
2024-04-03 12:30:00,35,24,24,35,11,26,0,155
2024-04-03 12:40:00,22,23,20,35,18,28,0,146
2024-04-03 12:50:00,34,22,16,34,18,28,0,152
2024-04-03 13:00:00,25,20,26,27,15,14,0,127
2024-04-03 13:10:00,31,20,25,38,18,28,2,162
2024-04-03 13:20:00,21,16,9,40,19,27,0,132
2024-04-03 13:30:00,32,25,22,30,14,20,0,143
2024-04-03 13:40:00,28,19,22,42,19,16,1,147
2024-04-03 13:50:00,34,29,18,40,14,22,0,157
2024-04-03 14:00:00,24,27,24,27,15,21,0,138
2024-04-03 14:10:00,35,23,27,47,18,25,0,175
2024-04-03 14:20:00,30,19,21,37,12,20,0,139
2024-04-03 14:30:00,36,25,21,44,14,18,0,158
2024-04-03 14:40:00,17,19,12,52,20,25,0,145
2024-04-03 14:50:00,18,26,26,42,22,45,0,179
2024-04-03 15:00:00,14,23,14,38,13,21,0,123
2024-04-03 15:10:00,6,31,26,36,14,18,0,131
2024-04-03 15:20:00,10,19,25,36,24,34,0,148
2024-04-03 15:30:00,16,25,26,34,11,20,1,133
2024-04-03 15:40:00,3,28,18,42,20,28,1,140
2024-04-03 15:50:00,9,35,18,26,11,21,0,120
2024-04-03 16:00:00,13,32,23,32,14,20,0,134
2024-04-03 16:10:00,6,27,30,28,15,23,2,131
2024-04-03 16:20:00,0,21,19,7,20,25,0,92
2024-04-03 16:30:00,13,25,17,17,12,28,0,112
2024-04-03 16:40:00,3,27,26,34,28,24,0,142
2024-04-03 16:50:00,1,25,22,22,14,19,0,103
2024-04-03 17:00:00,0,19,20,18,17,23,2,99
2024-04-03 17:10:00,1,23,17,32,10,26,2,111
2024-04-03 17:20:00,4,24,26,20,15,27,0,116
2024-04-03 17:30:00,5,27,13,24,15,23,0,107
2024-04-03 17:40:00,9,30,20,33,15,21,0,128
2024-04-03 17:50:00,1,25,14,27,17,20,2,106
2024-04-03 18:00:00,0,27,26,16,15,21,1,106
2024-04-03 18:10:00,9,26,27,46,18,27,1,154
2024-04-03 18:20:00,13,25,25,35,13,19,1,131
2024-04-03 18:30:00,18,30,26,41,19,25,1,160
2024-04-03 18:40:00,26,18,23,32,11,25,2,137
2024-04-03 18:50:00,21,30,26,31,7,15,0,130
2024-04-03 19:00:00,31,28,22,31,17,19,3,151
2024-04-03 19:10:00,38,22,24,36,14,22,2,158
2024-04-03 19:20:00,24,32,27,36,23,22,0,164
2024-04-03 19:30:00,21,27,21,26,15,17,2,129
2024-04-03 19:40:00,28,21,28,29,11,15,2,134
2024-04-03 19:50:00,24,27,23,25,10,16,0,125
2024-04-03 20:00:00,34,16,20,34,11,14,0,129
2024-04-03 20:10:00,21,27,18,28,7,10,0,111
2024-04-03 20:20:00,20,22,21,26,7,14,0,110
2024-04-03 20:30:00,16,22,21,31,12,16,0,118
2024-04-03 20:40:00,12,16,18,30,10,18,1,105
2024-04-03 20:50:00,16,25,12,24,10,14,0,101
2024-04-03 21:00:00,16,20,14,23,6,7,1,87
2024-04-03 21:10:00,15,25,19,20,15,10,0,104
2024-04-03 21:20:00,20,28,26,25,13,15,0,127
2024-04-03 21:30:00,20,14,24,20,13,10,0,101
2024-04-03 21:40:00,18,12,9,22,9,11,0,81
2024-04-03 21:50:00,24,12,12,28,10,12,0,98
2024-04-03 22:00:00,18,16,15,24,13,12,0,98
2024-04-03 22:10:00,22,9,12,22,4,6,0,75
2024-04-03 22:20:00,13,14,17,16,7,7,0,74
2024-04-03 22:30:00,21,10,10,23,7,6,0,77
2024-04-03 22:40:00,22,19,12,20,4,5,0,82
2024-04-03 22:50:00,17,14,14,23,6,12,0,86
2024-04-03 23:00:00,18,12,12,17,8,8,0,75
2024-04-03 23:10:00,23,5,8,14,3,3,0,56
2024-04-03 23:20:00,11,9,13,14,5,9,0,61
2024-04-03 23:30:00,16,8,7,12,2,2,1,48
2024-04-03 23:40:00,5,5,6,17,4,3,0,40
2024-04-03 23:50:00,13,4,10,18,3,5,1,54
2024-04-04 00:00:00,7,6,4,7,0,0,1,25
2024-04-04 00:10:00,10,6,4,9,5,3,0,37
2024-04-04 00:20:00,8,3,7,11,2,3,0,34
2024-04-04 00:30:00,10,6,7,3,1,0,0,27
2024-04-04 00:40:00,4,2,5,11,4,7,0,33
2024-04-04 00:50:00,7,5,7,5,1,1,0,26
2024-04-04 01:00:00,8,3,0,4,0,1,0,16
2024-04-04 01:10:00,6,5,1,4,1,1,0,18
2024-04-04 01:20:00,3,2,2,5,1,1,0,14
2024-04-04 01:30:00,3,5,5,3,1,1,0,18
2024-04-04 01:40:00,3,2,1,4,0,0,0,10
2024-04-04 01:50:00,8,1,6,1,0,0,0,16
2024-04-04 02:00:00,5,1,2,2,0,0,0,10
2024-04-04 02:10:00,4,3,4,4,0,0,0,15
2024-04-04 02:20:00,2,4,5,3,1,1,0,16
2024-04-04 02:30:00,2,2,2,2,1,1,0,10
2024-04-04 02:40:00,3,5,5,5,2,4,0,24
2024-04-04 02:50:00,2,2,2,3,1,1,0,11
2024-04-04 03:00:00,5,4,3,2,0,0,0,14
2024-04-04 03:10:00,3,2,1,0,0,0,0,6
2024-04-04 03:20:00,3,6,4,2,1,1,0,17
2024-04-04 03:30:00,0,3,3,1,0,0,0,7
2024-04-04 03:40:00,2,0,4,2,0,0,0,8
2024-04-04 03:50:00,4,5,6,4,1,2,0,22
2024-04-04 04:00:00,4,2,5,3,1,2,0,17
2024-04-04 04:10:00,2,7,5,1,0,2,0,17
2024-04-04 04:20:00,7,8,9,2,0,0,0,26
2024-04-04 04:30:00,3,11,12,4,1,3,0,34
2024-04-04 04:40:00,4,20,10,4,2,8,0,48
2024-04-04 04:50:00,4,22,13,7,0,2,0,48
2024-04-04 05:00:00,3,29,22,5,3,4,0,66
2024-04-04 05:10:00,5,30,15,10,2,6,0,68
2024-04-04 05:20:00,10,31,23,2,0,2,0,68
2024-04-04 05:30:00,15,44,33,11,3,4,0,110
2024-04-04 05:40:00,9,25,44,8,1,8,0,95
2024-04-04 05:50:00,16,38,36,9,4,3,0,106
2024-04-04 06:00:00,18,34,36,13,2,5,0,108
2024-04-04 06:10:00,12,49,33,19,11,8,0,132
2024-04-04 06:20:00,10,38,38,11,6,6,0,109
2024-04-04 06:30:00,17,31,40,15,4,8,1,116
2024-04-04 06:40:00,19,32,24,18,7,9,0,109
2024-04-04 06:50:00,18,41,39,28,12,14,0,152
2024-04-04 07:00:00,22,27,32,18,6,12,1,118
2024-04-04 07:10:00,27,43,33,15,5,10,0,133
2024-04-04 07:20:00,24,30,28,15,7,11,2,117
2024-04-04 07:30:00,18,32,28,27,8,11,1,125
2024-04-04 07:40:00,25,38,34,17,11,14,1,140
2024-04-04 07:50:00,18,24,22,18,11,22,1,116
2024-04-04 08:00:00,27,26,28,20,11,14,0,126
2024-04-04 08:10:00,22,40,31,20,17,15,0,145
2024-04-04 08:20:00,22,35,42,25,11,16,2,153
2024-04-04 08:30:00,22,28,33,18,11,22,0,134
2024-04-04 08:40:00,30,35,35,22,11,18,1,152
2024-04-04 08:50:00,31,24,31,23,14,17,1,141
2024-04-04 09:00:00,25,34,32,25,12,14,0,142
2024-04-04 09:10:00,24,36,28,27,12,20,1,148
2024-04-04 09:20:00,18,30,31,17,14,22,0,132
2024-04-04 09:30:00,36,24,24,30,8,17,0,139
2024-04-04 09:40:00,38,24,14,24,9,20,0,129
2024-04-04 09:50:00,24,20,27,31,16,27,2,147
2024-04-04 10:00:00,40,24,19,18,21,27,0,149
2024-04-04 10:10:00,39,20,25,33,19,18,0,154
2024-04-04 10:20:00,23,24,21,28,10,21,0,127
2024-04-04 10:30:00,33,29,17,23,15,19,0,136
2024-04-04 10:40:00,35,27,17,33,14,20,0,146
2024-04-04 10:50:00,19,28,29,25,13,16,0,130
2024-04-04 11:00:00,35,22,27,27,13,17,0,141
2024-04-04 11:10:00,38,27,20,21,9,27,1,143
2024-04-04 11:20:00,37,28,26,32,15,26,0,164
2024-04-04 11:30:00,34,31,14,30,18,26,0,153
2024-04-04 11:40:00,28,25,23,30,16,16,0,138
2024-04-04 11:50:00,33,15,26,30,9,16,0,129
2024-04-04 12:00:00,25,25,13,39,11,24,0,137
2024-04-04 12:10:00,32,22,34,36,14,25,0,163
2024-04-04 12:20:00,28,20,13,39,15,36,0,151
2024-04-04 12:30:00,27,26,19,33,16,24,0,145
2024-04-04 12:40:00,35,19,19,33,10,21,0,137
2024-04-04 12:50:00,19,18,22,27,14,31,0,131
2024-04-04 13:00:00,27,25,17,27,16,20,0,132
2024-04-04 13:10:00,25,24,22,36,11,14,0,132
2024-04-04 13:20:00,25,21,20,34,14,9,0,123
2024-04-04 13:30:00,18,16,24,33,7,14,1,113
2024-04-04 13:40:00,19,23,19,31,13,18,0,123
2024-04-04 13:50:00,31,19,17,42,20,20,0,149
2024-04-04 14:00:00,25,20,21,30,15,23,0,134
2024-04-04 14:10:00,5,17,7,34,11,20,1,95
2024-04-04 14:20:00,12,26,23,38,17,19,0,135
2024-04-04 14:30:00,14,18,15,48,16,16,0,127
2024-04-04 14:40:00,13,24,16,45,19,20,0,137
2024-04-04 14:50:00,13,26,21,34,18,26,0,138
2024-04-04 15:00:00,16,19,20,50,14,22,1,142
2024-04-04 15:10:00,9,27,18,55,12,19,2,142
2024-04-04 15:20:00,6,19,23,25,13,30,0,116
2024-04-04 15:30:00,13,34,15,38,16,31,0,147
2024-04-04 15:40:00,6,22,19,39,16,19,0,121
2024-04-04 15:50:00,0,28,12,12,17,19,2,90
2024-04-04 16:00:00,0,23,16,6,17,21,1,84
2024-04-04 16:10:00,2,18,20,0,17,30,0,87
2024-04-04 16:20:00,8,39,22,24,12,23,0,128
2024-04-04 16:30:00,4,28,19,52,16,23,0,142
2024-04-04 16:40:00,0,28,22,59,19,21,2,151
2024-04-04 16:50:00,3,25,17,40,14,25,1,125
2024-04-04 17:00:00,26,25,19,34,12,19,0,135
2024-04-04 17:10:00,28,28,24,27,26,28,3,164
2024-04-04 17:20:00,20,26,24,24,26,38,5,163
2024-04-04 17:30:00,19,24,16,33,22,34,1,149
2024-04-04 17:40:00,9,17,45,42,18,38,0,169
2024-04-04 17:50:00,11,25,19,31,12,29,0,127
2024-04-04 18:00:00,24,20,20,31,17,21,0,133
2024-04-04 18:10:00,19,29,27,48,19,21,1,164
2024-04-04 18:20:00,26,30,30,41,14,24,1,166
2024-04-04 18:30:00,9,22,13,38,10,16,1,109
2024-04-04 18:40:00,23,25,19,36,16,18,1,138
2024-04-04 18:50:00,19,32,21,25,17,30,0,144
2024-04-04 19:00:00,23,15,27,22,10,21,0,118
2024-04-04 19:10:00,28,22,22,18,17,16,4,127
2024-04-04 19:20:00,23,21,26,24,11,15,0,120
2024-04-04 19:30:00,30,20,23,28,14,17,1,133
2024-04-04 19:40:00,19,29,26,25,13,20,0,132
2024-04-04 19:50:00,25,24,20,20,7,9,1,106
2024-04-04 20:00:00,20,18,22,19,5,7,1,92
2024-04-04 20:10:00,23,21,23,22,8,10,0,107
2024-04-04 20:20:00,22,17,12,24,15,13,0,103
2024-04-04 20:30:00,23,22,18,23,7,6,0,99
2024-04-04 20:40:00,23,16,19,26,9,12,0,105
2024-04-04 20:50:00,14,17,22,37,9,13,0,112
2024-04-04 21:00:00,16,20,16,26,6,7,1,92
2024-04-04 21:10:00,19,23,18,19,7,8,1,95
2024-04-04 21:20:00,17,23,17,22,7,11,0,97
2024-04-04 21:30:00,32,18,12,22,6,5,0,95
2024-04-04 21:40:00,24,19,22,16,13,9,0,103
2024-04-04 21:50:00,20,15,15,26,15,25,1,117
2024-04-04 22:00:00,18,12,15,20,7,8,0,80
2024-04-04 22:10:00,16,15,10,16,3,2,0,62
2024-04-04 22:20:00,17,12,11,21,10,8,0,79
2024-04-04 22:30:00,24,14,15,17,4,5,0,79
2024-04-04 22:40:00,17,14,14,16,3,6,0,70
2024-04-04 22:50:00,18,9,8,24,4,4,0,67
2024-04-04 23:00:00,10,13,12,17,1,1,0,54
2024-04-04 23:10:00,11,9,10,16,8,5,0,59
2024-04-04 23:20:00,10,9,10,12,6,6,0,53
2024-04-04 23:30:00,12,10,6,7,1,1,0,37
2024-04-04 23:40:00,13,6,1,16,3,3,0,42
2024-04-04 23:50:00,8,3,8,14,2,3,0,38
2024-04-05 00:00:00,11,9,13,13,2,4,0,52
2024-04-05 00:10:00,12,6,8,12,3,3,0,44
2024-04-05 00:20:00,10,10,4,11,3,4,0,42
2024-04-05 00:30:00,7,7,8,9,2,1,0,34
2024-04-05 00:40:00,5,3,3,4,0,0,0,15
2024-04-05 00:50:00,4,1,3,5,4,4,0,21
2024-04-05 01:00:00,7,2,3,10,2,2,0,26
2024-04-05 01:10:00,4,3,3,3,0,0,0,13
2024-04-05 01:20:00,7,5,3,6,1,2,0,24
2024-04-05 01:30:00,3,4,5,3,0,0,0,15
2024-04-05 01:40:00,2,1,2,3,1,1,0,10
2024-04-05 01:50:00,4,2,2,2,1,1,0,12
2024-04-05 02:00:00,1,0,0,0,0,0,0,1
